insert into user (login, email, first_name, last_name, activity) values ('carrie', 'bradshw@city.pl', 'Vera', 'Wang', 'ACTIVE');
insert into user (login, email, first_name, last_name, activity) values ('beatles', 'the@beatles.mu', 'John', 'Lennon', 'ACTIVE');
insert into user (login, email, first_name, last_name, activity) values ('exlog', 'example@email.com', 'John', 'Doe', 'ACTIVE');
insert into user (login, email, first_name, last_name, activity) values ('gringo', 'boso@swiat.io', 'Wojciech', 'Cejrowski', 'INACTIVE');
insert into user (login, email, first_name, last_name, activity) values ('soleszkiewicz0', 'soleszkiewicz0@tinypic.com', 'Sidney', 'Oleszkiewicz', 'ACTIVE');
insert into user (login, email, first_name, last_name, activity) values ('lperceval1', 'lperceval1@cdbaby.com', 'Lynett', 'Perceval', 'ACTIVE');
insert into user (login, email, first_name, last_name, activity) values ('cbrunner2', 'cbrunner2@amazon.com', 'Cordula', 'Brunner', 'ACTIVE');
insert into user (login, email, first_name, last_name, activity) values ('ybrake3', 'ybrake3@npr.org', 'Yolanthe', 'Brake', 'ACTIVE');
insert into user (login, email, first_name, last_name, activity) values ('tleuchars4', 'tleuchars4@hatena.ne.jp', 'Tedda', 'Leuchars', 'ACTIVE');
insert into user (login, email, first_name, last_name, activity) values ('nbrittles5', 'nbrittles5@acquirethisname.com', 'Noemi', 'Brittles', 'ACTIVE');
insert into user (login, email, first_name, last_name, activity) values ('glenton6', 'glenton6@cnn.com', 'Gilbertine', 'Lenton', 'ACTIVE');
insert into user (login, email, first_name, last_name, activity) values ('iguerrier7', 'iguerrier7@squarespace.com', 'Isidoro', 'Guerrier', 'ACTIVE');
insert into user (login, email, first_name, last_name, activity) values ('amacwhan8', 'amacwhan8@nydailynews.com', 'Anabel', 'MacWhan', 'ACTIVE');
insert into user (login, email, first_name, last_name, activity) values ('evane9', 'evane9@aboutads.info', 'Elston', 'Vane', 'ACTIVE');
insert into user (login, email, first_name, last_name, activity) values ('kyockneya', 'kyockneya@admin.ch', 'Kimmie', 'Yockney', 'ACTIVE');
insert into user (login, email, first_name, last_name, activity) values ('cperrygob', 'cperrygob@fc2.com', 'Chadwick', 'Perrygo', 'ACTIVE');
insert into user (login, email, first_name, last_name, activity) values ('jbeddisc', 'jbeddisc@washington.edu', 'Jasen', 'Beddis', 'ACTIVE');
insert into user (login, email, first_name, last_name, activity) values ('bhackworthd', 'bhackworthd@amazon.co.jp', 'Brok', 'Hackworth', 'ACTIVE');
insert into user (login, email, first_name, last_name, activity) values ('naggisse', 'naggisse@e-recht24.de', 'Nevile', 'Aggiss', 'INACTIVE');
insert into user (login, email, first_name, last_name, activity) values ('jplentyf', 'jplentyf@wordpress.org', 'Josephina', 'Plenty', 'ACTIVE');
insert into user (login, email, first_name, last_name, activity) values ('lpischelg', 'lpischelg@theguardian.com', 'Lynelle', 'Pischel', 'ACTIVE');
insert into user (login, email, first_name, last_name, activity) values ('wsloegraveh', 'wsloegraveh@moonfruit.com', 'Wrennie', 'Sloegrave', 'ACTIVE');
insert into user (login, email, first_name, last_name, activity) values ('lpatoni', 'lpatoni@facebook.com', 'Lorena', 'Paton', 'ACTIVE');
insert into user (login, email, first_name, last_name, activity) values ('gbamberyj', 'gbamberyj@ameblo.jp', 'Ginnifer', 'Bambery', 'ACTIVE');
insert into user (login, email, first_name, last_name, activity) values ('tivesk', 'tivesk@berkeley.edu', 'Teddi', 'Ives', 'ACTIVE');
insert into user (login, email, first_name, last_name, activity) values ('lstennesl', 'lstennesl@salon.com', 'Lindsey', 'Stennes', 'ACTIVE');
insert into user (login, email, first_name, last_name, activity) values ('cmatushevichm', 'cmatushevichm@studiopress.com', 'Clair', 'Matushevich', 'ACTIVE');
insert into user (login, email, first_name, last_name, activity) values ('tcarnamann', 'tcarnamann@ibm.com', 'Tory', 'Carnaman', 'ACTIVE');
insert into user (login, email, first_name, last_name, activity) values ('tkeepenceo', 'tkeepenceo@diigo.com', 'Trudey', 'Keepence', 'ACTIVE');
insert into user (login, email, first_name, last_name, activity) values ('loxbiep', 'loxbiep@cdc.gov', 'Luella', 'Oxbie', 'ACTIVE');
insert into user (login, email, first_name, last_name, activity) values ('sbrosiq', 'sbrosiq@example.com', 'Siobhan', 'Brosi', 'ACTIVE');
insert into user (login, email, first_name, last_name, activity) values ('aveschambesr', 'aveschambesr@slashdot.org', 'Astrix', 'Veschambes', 'ACTIVE');
insert into user (login, email, first_name, last_name, activity) values ('cgregors', 'cgregors@dedecms.com', 'Cheston', 'Gregor', 'ACTIVE');
insert into user (login, email, first_name, last_name, activity) values ('ainnottt', 'ainnottt@simplemachines.org', 'Addy', 'Innott', 'ACTIVE');
insert into user (login, email, first_name, last_name, activity) values ('mfulkeru', 'mfulkeru@multiply.com', 'Matt', 'Fulker', 'ACTIVE');
insert into user (login, email, first_name, last_name, activity) values ('hheatlyv', 'hheatlyv@cyberchimps.com', 'Hashim', 'Heatly', 'ACTIVE');
insert into user (login, email, first_name, last_name, activity) values ('bpalfreew', 'bpalfreew@cnn.com', 'Brittani', 'Palfree', 'ACTIVE');
insert into user (login, email, first_name, last_name, activity) values ('jsteeplesx', 'jsteeplesx@time.com', 'Jaimie', 'Steeples', 'INACTIVE');
insert into user (login, email, first_name, last_name, activity) values ('mrobinety', 'mrobinety@businessweek.com', 'Michaeline', 'Robinet', 'ACTIVE');
insert into user (login, email, first_name, last_name, activity) values ('cmedforthz', 'cmedforthz@theatlantic.com', 'Cindie', 'Medforth', 'ACTIVE');
insert into user (login, email, first_name, last_name, activity) values ('scardis10', 'scardis10@livejournal.com', 'Sonia', 'Cardis', 'ACTIVE');
insert into user (login, email, first_name, last_name, activity) values ('rwearden11', 'rwearden11@virginia.edu', 'Rock', 'Wearden', 'ACTIVE');
insert into user (login, email, first_name, last_name, activity) values ('kheffernan12', 'kheffernan12@mtv.com', 'Katharine', 'Heffernan', 'INACTIVE');
insert into user (login, email, first_name, last_name, activity) values ('wleman13', 'wleman13@mtv.com', 'Winona', 'Leman', 'INACTIVE');
insert into user (login, email, first_name, last_name, activity) values ('gvannuchi14', 'gvannuchi14@slate.com', 'Gloriane', 'Vannuchi', 'ACTIVE');
insert into user (login, email, first_name, last_name, activity) values ('mchillingsworth15', 'mchillingsworth15@census.gov', 'Merry', 'Chillingsworth', 'ACTIVE');
insert into user (login, email, first_name, last_name, activity) values ('ebourtoumieux16', 'ebourtoumieux16@yale.edu', 'Erda', 'Bourtoumieux', 'ACTIVE');
insert into user (login, email, first_name, last_name, activity) values ('dsearle17', 'dsearle17@desdev.cn', 'Darci', 'Searle', 'ACTIVE');
insert into user (login, email, first_name, last_name, activity) values ('mbendel18', 'mbendel18@posterous.com', 'Myrtle', 'Bendel', 'ACTIVE');
insert into user (login, email, first_name, last_name, activity) values ('kgive19', 'kgive19@ftc.gov', 'Kippie', 'Give', 'INACTIVE');
insert into user (login, email, first_name, last_name, activity) values ('higlesia1a', 'higlesia1a@cnet.com', 'Huberto', 'Iglesia', 'ACTIVE');
insert into user (login, email, first_name, last_name, activity) values ('nsteptowe1b', 'nsteptowe1b@who.int', 'Nap', 'Steptowe', 'ACTIVE');
insert into user (login, email, first_name, last_name, activity) values ('chawkey1c', 'chawkey1c@sitemeter.com', 'Carmelina', 'Hawkey', 'ACTIVE');
insert into user (login, email, first_name, last_name, activity) values ('srapaport1d', 'srapaport1d@google.com', 'Shoshana', 'Rapaport', 'ACTIVE');
insert into user (login, email, first_name, last_name, activity) values ('btheyer1e', 'btheyer1e@linkedin.com', 'Blondelle', 'Theyer', 'ACTIVE');
insert into user (login, email, first_name, last_name, activity) values ('ynovotni1f', 'ynovotni1f@sina.com.cn', 'Yehudit', 'Novotni', 'INACTIVE');
insert into user (login, email, first_name, last_name, activity) values ('cdawley1g', 'cdawley1g@dailymotion.com', 'Claus', 'Dawley', 'ACTIVE');
insert into user (login, email, first_name, last_name, activity) values ('rblenkiron1h', 'rblenkiron1h@wordpress.com', 'Rancell', 'Blenkiron', 'INACTIVE');
insert into user (login, email, first_name, last_name, activity) values ('rmarkovich1i', 'rmarkovich1i@hatena.ne.jp', 'Rosalynd', 'Markovich', 'ACTIVE');
insert into user (login, email, first_name, last_name, activity) values ('komoylane1j', 'komoylane1j@technorati.com', 'Kelsey', 'O''Moylane', 'ACTIVE');
insert into user (login, email, first_name, last_name, activity) values ('acristobal1k', 'acristobal1k@apache.org', 'Angelo', 'Cristobal', 'ACTIVE');
insert into user (login, email, first_name, last_name, activity) values ('hdyer1l', 'hdyer1l@slideshare.net', 'Hermy', 'Dyer', 'ACTIVE');
insert into user (login, email, first_name, last_name, activity) values ('mboc1m', 'mboc1m@tinyurl.com', 'Morry', 'Boc', 'ACTIVE');
insert into user (login, email, first_name, last_name, activity) values ('kkeady1n', 'kkeady1n@nps.gov', 'Kelly', 'Keady', 'ACTIVE');
insert into user (login, email, first_name, last_name, activity) values ('fprice1o', 'fprice1o@forbes.com', 'Ferdinand', 'Price', 'ACTIVE');
insert into user (login, email, first_name, last_name, activity) values ('jpietesch1p', 'jpietesch1p@jalbum.net', 'Joanna', 'Pietesch', 'ACTIVE');
insert into user (login, email, first_name, last_name, activity) values ('ewoollhead1q', 'ewoollhead1q@fotki.com', 'Ellwood', 'Woollhead', 'ACTIVE');
insert into user (login, email, first_name, last_name, activity) values ('rrobardley1r', 'rrobardley1r@house.gov', 'Rikki', 'Robardley', 'ACTIVE');
insert into user (login, email, first_name, last_name, activity) values ('hroja1s', 'hroja1s@posterous.com', 'Heidie', 'Roja', 'ACTIVE');
insert into user (login, email, first_name, last_name, activity) values ('tmeadus1t', 'tmeadus1t@cargocollective.com', 'Terrence', 'Meadus', 'ACTIVE');
insert into user (login, email, first_name, last_name, activity) values ('lpentecust1u', 'lpentecust1u@google.com.au', 'Lily', 'Pentecust', 'ACTIVE');
insert into user (login, email, first_name, last_name, activity) values ('icardall1v', 'icardall1v@marriott.com', 'Idaline', 'Cardall', 'INACTIVE');
insert into user (login, email, first_name, last_name, activity) values ('gtallent1w', 'gtallent1w@cam.ac.uk', 'Gianni', 'Tallent', 'ACTIVE');
insert into user (login, email, first_name, last_name, activity) values ('jkeysall1x', 'jkeysall1x@indiatimes.com', 'Jakob', 'Keysall', 'ACTIVE');
insert into user (login, email, first_name, last_name, activity) values ('gpotier1y', 'gpotier1y@altervista.org', 'Gun', 'Potier', 'ACTIVE');
insert into user (login, email, first_name, last_name, activity) values ('nbysouth1z', 'nbysouth1z@ed.gov', 'Neila', 'Bysouth', 'ACTIVE');
insert into user (login, email, first_name, last_name, activity) values ('ycottesford20', 'ycottesford20@alibaba.com', 'Yance', 'Cottesford', 'ACTIVE');
insert into user (login, email, first_name, last_name, activity) values ('dhedditeh21', 'dhedditeh21@admin.ch', 'Diana', 'Hedditeh', 'ACTIVE');
insert into user (login, email, first_name, last_name, activity) values ('cramsay22', 'cramsay22@sphinn.com', 'Chrisse', 'Ramsay', 'ACTIVE');
insert into user (login, email, first_name, last_name, activity) values ('clethcoe23', 'clethcoe23@auda.org.au', 'Clementina', 'Lethcoe', 'ACTIVE');
insert into user (login, email, first_name, last_name, activity) values ('smcgawn24', 'smcgawn24@cloudflare.com', 'Stacie', 'McGawn', 'INACTIVE');
insert into user (login, email, first_name, last_name, activity) values ('gwhannel25', 'gwhannel25@jugem.jp', 'Ginger', 'Whannel', 'ACTIVE');
insert into user (login, email, first_name, last_name, activity) values ('lterram26', 'lterram26@stanford.edu', 'Leshia', 'Terram', 'ACTIVE');
insert into user (login, email, first_name, last_name, activity) values ('nspitaro27', 'nspitaro27@hao123.com', 'Nedi', 'Spitaro', 'ACTIVE');
insert into user (login, email, first_name, last_name, activity) values ('jstaddom28', 'jstaddom28@ft.com', 'Joline', 'Staddom', 'ACTIVE');
insert into user (login, email, first_name, last_name, activity) values ('ltorricina29', 'ltorricina29@fotki.com', 'Laney', 'Torricina', 'ACTIVE');
insert into user (login, email, first_name, last_name, activity) values ('battac2a', 'battac2a@t-online.de', 'Bobby', 'Attac', 'ACTIVE');
insert into user (login, email, first_name, last_name, activity) values ('chadkins2b', 'chadkins2b@psu.edu', 'Claire', 'Hadkins', 'ACTIVE');
insert into user (login, email, first_name, last_name, activity) values ('mthonger2c', 'mthonger2c@youtube.com', 'Marmaduke', 'Thonger', 'ACTIVE');
insert into user (login, email, first_name, last_name, activity) values ('twhorf2d', 'twhorf2d@ox.ac.uk', 'Tuckie', 'Whorf', 'ACTIVE');
insert into user (login, email, first_name, last_name, activity) values ('bdrewe2e', 'bdrewe2e@discovery.com', 'Blaire', 'Drewe', 'ACTIVE');
insert into user (login, email, first_name, last_name, activity) values ('gchoke2f', 'gchoke2f@bing.com', 'Gusti', 'Choke', 'ACTIVE');
insert into user (login, email, first_name, last_name, activity) values ('barmall2g', 'barmall2g@foxnews.com', 'Beverlee', 'Armall', 'ACTIVE');
insert into user (login, email, first_name, last_name, activity) values ('mzanussii2h', 'mzanussii2h@cmu.edu', 'Monte', 'Zanussii', 'ACTIVE');
insert into user (login, email, first_name, last_name, activity) values ('sdurek2i', 'sdurek2i@unblog.fr', 'Sigfried', 'Durek', 'INACTIVE');
insert into user (login, email, first_name, last_name, activity) values ('cpattie2j', 'cpattie2j@feedburner.com', 'Charo', 'Pattie', 'ACTIVE');
insert into user (login, email, first_name, last_name, activity) values ('rzuenelli2k', 'rzuenelli2k@craigslist.org', 'Robbert', 'Zuenelli', 'ACTIVE');
insert into user (login, email, first_name, last_name, activity) values ('btofts2l', 'btofts2l@mozilla.com', 'Benedicto', 'Tofts', 'ACTIVE');
insert into user (login, email, first_name, last_name, activity) values ('rgamblin2m', 'rgamblin2m@tinypic.com', 'Roselia', 'Gamblin', 'ACTIVE');
insert into user (login, email, first_name, last_name, activity) values ('twybourne2n', 'twybourne2n@hc360.com', 'Tabatha', 'Wybourne', 'ACTIVE');
insert into user (login, email, first_name, last_name, activity) values ('fharwood2o', 'fharwood2o@naver.com', 'Freedman', 'Harwood', 'ACTIVE');
insert into user (login, email, first_name, last_name, activity) values ('afaithfull2p', 'afaithfull2p@stanford.edu', 'Addy', 'Faithfull', 'ACTIVE');
insert into user (login, email, first_name, last_name, activity) values ('fdonoghue2q', 'fdonoghue2q@typepad.com', 'Fan', 'Donoghue', 'ACTIVE');
insert into user (login, email, first_name, last_name, activity) values ('nkerwick2r', 'nkerwick2r@deliciousdays.com', 'Nathan', 'Kerwick', 'ACTIVE');

insert into item (id, lost_date, found_date, name, description, size, color, material, category, photoURL, is_active) values (1, '2016-09-26', null, 'Steel Wool', null, 'SMALL', 'Pink', 'Hydrophyllaceae', 'Clothing', 'http://dummyimage.com/101x232.png/cc0000/ffffff', 'ACTIVE');
insert into item (id, lost_date, found_date, name, description, size, color, material, category, photoURL, is_active) values (2, '2016-06-24', null, 'Pan Grease', 'quis augue luctus tincidunt nulla mollis molestie lorem quisque ut erat curabitur gravida nisi at nibh in hac habitasse platea dictumst aliquam augue quam sollicitudin vitae consectetuer eget rutrum at lorem integer tincidunt ante vel ipsum praesent blandit lacinia erat vestibulum sed magna at nunc commodo placerat praesent blandit nam nulla integer pede justo lacinia eget tincidunt eget', 'SMALL', 'Blue', 'Hymeneliaceae', 'Grocery', 'http://dummyimage.com/216x124.bmp/cc0000/ffffff', 'ACTIVE');
insert into item (id, lost_date, found_date, name, description, size, color, material, category, photoURL, is_active) values (3, '2016-12-22', null, 'Bread - Wheat Baguette', 'nisi volutpat eleifend donec ut dolor morbi vel lectus in quam fringilla rhoncus mauris enim leo rhoncus sed vestibulum sit amet cursus id turpis integer aliquet massa id lobortis convallis tortor', 'BIG', 'Khaki', 'Equisetaceae', 'Home', null, 'ACTIVE');
insert into item (id, lost_date, found_date, name, description, size, color, material, category, photoURL, is_active) values (4, '2017-06-02', null, 'Napkin White - Starched', 'nonummy integer non velit donec diam neque vestibulum eget vulputate ut ultrices vel augue vestibulum ante ipsum primis in faucibus orci luctus et ultrices posuere cubilia curae donec pharetra magna vestibulum aliquet ultrices erat tortor sollicitudin mi sit amet lobortis sapien sapien non mi integer ac neque duis bibendum morbi non quam nec dui luctus rutrum nulla tellus in sagittis', 'VERYSMALL', 'Mauv', 'Hydrangeaceae', 'Computers', null, 'ACTIVE');
insert into item (id, lost_date, found_date, name, description, size, color, material, category, photoURL, is_active) values (5, '2017-01-02', null, 'Eel - Smoked', null, 'VERYBIG', 'Orange', 'Asteraceae', 'Computers', 'http://dummyimage.com/237x151.jpg/ff4444/ffffff', 'ACTIVE');
insert into item (id, lost_date, found_date, name, description, size, color, material, category, photoURL, is_active) values (6, '2017-09-03', null, 'Lid - 10,12,16 Oz', 'eu est congue elementum in hac habitasse platea dictumst morbi vestibulum velit id pretium iaculis diam erat fermentum justo nec condimentum neque sapien placerat ante nulla justo aliquam quis turpis eget elit sodales scelerisque mauris sit amet eros suspendisse accumsan tortor quis turpis sed ante vivamus tortor duis mattis egestas metus aenean fermentum donec ut mauris eget massa', 'VERYSMALL', 'Turquoise', 'Fabaceae', 'Sports', 'http://dummyimage.com/187x111.bmp/ff4444/ffffff', 'ACTIVE');
insert into item (id, lost_date, found_date, name, description, size, color, material, category, photoURL, is_active) values (7, '2016-08-17', null, 'Onions - Cooking', 'amet cursus id turpis integer aliquet massa id lobortis convallis tortor risus dapibus augue vel accumsan tellus nisi eu orci mauris lacinia sapien quis libero nullam sit amet turpis elementum ligula vehicula consequat morbi a ipsum integer a nibh in quis justo maecenas rhoncus aliquam lacus morbi quis tortor id nulla ultrices aliquet maecenas leo odio condimentum id', 'SMALL', 'Crimson', 'Asclepiadaceae', 'Outdoors', null, 'ACTIVE');
insert into item (id, lost_date, found_date, name, description, size, color, material, category, photoURL, is_active) values (8, '2017-07-14', null, 'Pineapple - Golden', 'congue diam id ornare imperdiet sapien urna pretium nisl ut volutpat sapien arcu sed augue aliquam erat volutpat in congue etiam justo etiam pretium iaculis justo in hac habitasse platea dictumst etiam faucibus cursus urna ut tellus nulla ut erat id mauris vulputate elementum nullam varius nulla facilisi cras non velit nec', 'SMALL', 'Goldenrod', 'Sterculiaceae', 'Jewelery', 'http://dummyimage.com/167x190.png/ff4444/ffffff', 'ACTIVE');
insert into item (id, lost_date, found_date, name, description, size, color, material, category, photoURL, is_active) values (9, '2016-11-23', null, 'Rum - White, Gg White', null, 'MEDIUM', 'Teal', 'Scrophulariaceae', 'Industrial', 'http://dummyimage.com/239x149.jpg/5fa2dd/ffffff', 'ACTIVE');
insert into item (id, lost_date, found_date, name, description, size, color, material, category, photoURL, is_active) values (10, '2016-07-09', null, 'Piping Jelly - All Colours', 'eu interdum eu tincidunt in leo maecenas pulvinar lobortis est phasellus sit amet erat nulla tempus vivamus in felis eu sapien cursus vestibulum proin eu', 'BIG', 'Fuscia', 'Scrophulariaceae', 'Games', 'http://dummyimage.com/102x114.jpg/cc0000/ffffff', 'ACTIVE');
insert into item (id, lost_date, found_date, name, description, size, color, material, category, photoURL, is_active) values (11, '2017-02-02', null, 'Tomatoes - Hot House', null, 'VERYBIG', 'Indigo', 'Lecanoraceae', 'Computers', 'http://dummyimage.com/229x250.jpg/cc0000/ffffff', 'ACTIVE');
insert into item (id, lost_date, found_date, name, description, size, color, material, category, photoURL, is_active) values (12, '2016-06-16', null, 'Tea Leaves - Oolong', 'faucibus cursus urna ut tellus nulla ut erat id mauris vulputate elementum nullam varius nulla facilisi cras non velit nec nisi vulputate nonummy maecenas tincidunt lacus at velit vivamus vel nulla eget eros elementum pellentesque quisque porta volutpat erat quisque', 'MEDIUM', 'Aquamarine', 'Asteraceae', 'Garden', 'http://dummyimage.com/186x237.bmp/dddddd/000000', 'ACTIVE');
insert into item (id, lost_date, found_date, name, description, size, color, material, category, photoURL, is_active) values (13, '2017-01-30', null, 'Pastry - Cherry Danish - Mini', 'egestas metus aenean fermentum donec ut mauris eget massa tempor convallis nulla neque libero convallis eget eleifend luctus ultricies eu nibh quisque id justo sit amet sapien dignissim vestibulum vestibulum ante ipsum primis in faucibus orci luctus et ultrices posuere cubilia curae', 'VERYBIG', 'Yellow', 'Araliaceae', 'Electronics', 'http://dummyimage.com/139x223.bmp/5fa2dd/ffffff', 'ACTIVE');
insert into item (id, lost_date, found_date, name, description, size, color, material, category, photoURL, is_active) values (15, '2016-11-15', null, 'Chocolate Liqueur - Godet White', 'volutpat sapien arcu sed augue aliquam erat volutpat in congue etiam justo etiam pretium iaculis justo in hac habitasse platea dictumst etiam faucibus cursus urna ut tellus nulla ut erat id mauris vulputate elementum nullam varius nulla facilisi cras', 'VERYBIG', 'Yellow', 'Scrophulariaceae', 'Movies', 'http://dummyimage.com/175x228.png/dddddd/000000', 'INACTIVE');
insert into item (id, lost_date, found_date, name, description, size, color, material, category, photoURL, is_active) values (16, '2017-01-08', null, 'Soup - Campbells Beef Stew', 'proin eu mi nulla ac enim in tempor turpis nec euismod scelerisque quam turpis adipiscing lorem vitae mattis nibh ligula nec sem duis aliquam convallis nunc proin at turpis a pede posuere', 'MEDIUM', 'Goldenrod', 'Fabaceae', 'Computers', null, 'ACTIVE');
insert into item (id, lost_date, found_date, name, description, size, color, material, category, photoURL, is_active) values (17, '2017-08-15', null, 'Pastry - Banana Muffin - Mini', 'orci luctus et ultrices posuere cubilia curae mauris viverra diam vitae quam suspendisse potenti nullam porttitor lacus at turpis donec posuere metus vitae ipsum aliquam non mauris morbi non lectus aliquam', 'SMALL', 'Fuscia', 'Asteraceae', 'Books', 'http://dummyimage.com/196x146.png/ff4444/ffffff', 'ACTIVE');
insert into item (id, lost_date, found_date, name, description, size, color, material, category, photoURL, is_active) values (18, '2016-08-28', null, 'Wine - Hardys Bankside Shiraz', 'tempus vivamus in felis eu sapien cursus vestibulum proin eu mi nulla ac enim in tempor turpis nec euismod scelerisque quam turpis adipiscing lorem vitae mattis nibh ligula nec sem duis aliquam convallis nunc proin at turpis a pede posuere nonummy integer non velit donec diam neque vestibulum', 'MEDIUM', 'Khaki', 'Poaceae', 'Jewelery', null, 'ACTIVE');
insert into item (id, lost_date, found_date, name, description, size, color, material, category, photoURL, is_active) values (19, '2017-01-17', null, 'Nut - Almond, Blanched, Ground', 'ligula nec sem duis aliquam convallis nunc proin at turpis a pede posuere nonummy integer non velit donec diam neque vestibulum eget vulputate', 'VERYBIG', 'Khaki', 'Boraginaceae', 'Games', 'http://dummyimage.com/126x215.bmp/5fa2dd/ffffff', 'ACTIVE');
insert into item (id, lost_date, found_date, name, description, size, color, material, category, photoURL, is_active) values (20, '2017-07-19', null, 'Chicken - Bones', 'non lectus aliquam sit amet diam in magna bibendum imperdiet nullam orci pede venenatis non sodales sed tincidunt eu felis fusce posuere felis sed lacus morbi sem mauris laoreet ut rhoncus aliquet pulvinar sed nisl nunc rhoncus dui vel sem sed sagittis nam', 'MEDIUM', 'Mauv', 'Asteraceae', 'Home', null, 'ACTIVE');
insert into item (id, lost_date, found_date, name, description, size, color, material, category, photoURL, is_active) values (21, '2016-12-14', null, 'Beef - Roasted, Cooked', 'ultrices posuere cubilia curae nulla dapibus dolor vel est donec odio justo sollicitudin ut suscipit a feugiat et eros vestibulum ac est lacinia nisi', 'MEDIUM', 'Violet', 'Asteraceae', 'Outdoors', 'http://dummyimage.com/172x216.png/cc0000/ffffff', 'ACTIVE');
insert into item (id, lost_date, found_date, name, description, size, color, material, category, photoURL, is_active) values (22, '2016-12-17', null, 'Beans - Yellow', 'justo nec condimentum neque sapien placerat ante nulla justo aliquam quis turpis eget elit sodales scelerisque mauris sit amet eros suspendisse accumsan tortor quis turpis sed ante vivamus tortor duis mattis egestas metus aenean fermentum donec ut mauris eget massa tempor', 'SMALL', 'Maroon', 'Brassicaceae', 'Shoes', 'http://dummyimage.com/106x235.bmp/ff4444/ffffff', 'ACTIVE');
insert into item (id, lost_date, found_date, name, description, size, color, material, category, photoURL, is_active) values (23, '2016-09-18', null, 'Sea Urchin', 'vivamus in felis eu sapien cursus vestibulum proin eu mi nulla ac enim in tempor turpis nec euismod scelerisque quam turpis adipiscing lorem vitae mattis nibh ligula nec sem duis aliquam convallis nunc proin at turpis a pede posuere nonummy integer non velit donec diam neque vestibulum eget vulputate ut', 'BIG', 'Orange', 'Polemoniaceae', 'Music', 'http://dummyimage.com/195x228.png/5fa2dd/ffffff', 'ACTIVE');
insert into item (id, lost_date, found_date, name, description, size, color, material, category, photoURL, is_active) values (24, '2017-07-08', null, 'Chicken - Whole', null, 'MEDIUM', 'Blue', 'Sphagnaceae', 'Clothing', null, 'ACTIVE');
insert into item (id, lost_date, found_date, name, description, size, color, material, category, photoURL, is_active) values (25, '2016-10-04', null, 'Eggplant Oriental', null, 'SMALL', 'Aquamarine', 'Euphorbiaceae', 'Electronics', 'http://dummyimage.com/237x149.jpg/ff4444/ffffff', 'ACTIVE');
insert into item (id, lost_date, found_date, name, description, size, color, material, category, photoURL, is_active) values (26, '2016-11-02', null, 'Cake - Sheet Strawberry', null, 'VERYSMALL', 'Puce', 'Fabaceae', 'Music', null, 'ACTIVE');
insert into item (id, lost_date, found_date, name, description, size, color, material, category, photoURL, is_active) values (27, '2016-06-19', null, 'Cinnamon - Stick', null, 'SMALL', 'Blue', 'Poaceae', 'Shoes', 'http://dummyimage.com/158x135.bmp/5fa2dd/ffffff', 'ACTIVE');
insert into item (id, lost_date, found_date, name, description, size, color, material, category, photoURL, is_active) values (28, '2016-10-05', null, 'Juice - Lagoon Mango', null, 'VERYSMALL', 'Violet', 'Convolvulaceae', 'Garden', null, 'ACTIVE');
insert into item (id, lost_date, found_date, name, description, size, color, material, category, photoURL, is_active) values (29, '2017-06-10', null, 'Sour Puss Sour Apple', null, 'MEDIUM', 'Fuscia', 'Ditrichaceae', 'Tools', 'http://dummyimage.com/134x206.jpg/cc0000/ffffff', 'ACTIVE');
insert into item (id, lost_date, found_date, name, description, size, color, material, category, photoURL, is_active) values (30, '2017-02-24', null, 'Shrimp - 16/20, Iqf, Shell On', null, 'SMALL', 'Turquoise', 'Poaceae', 'Jewelery', 'http://dummyimage.com/244x153.bmp/cc0000/ffffff', 'ACTIVE');
insert into item (id, lost_date, found_date, name, description, size, color, material, category, photoURL, is_active) values (31, '2016-09-13', null, 'Juice - Pineapple, 341 Ml', null, 'VERYSMALL', 'Fuscia', 'Asteraceae', 'Computers', 'http://dummyimage.com/109x208.bmp/ff4444/ffffff', 'ACTIVE');
insert into item (id, lost_date, found_date, name, description, size, color, material, category, photoURL, is_active) values (32, '2017-06-07', null, 'Cherries - Fresh', 'eget eleifend luctus ultricies eu nibh quisque id justo sit amet sapien dignissim vestibulum vestibulum ante ipsum primis in faucibus orci luctus et ultrices posuere cubilia curae nulla dapibus dolor vel est donec odio justo sollicitudin ut suscipit a feugiat et eros vestibulum ac', 'VERYSMALL', 'Puce', 'Caliciaceae', 'Garden', 'http://dummyimage.com/189x132.bmp/ff4444/ffffff', 'ACTIVE');
insert into item (id, lost_date, found_date, name, description, size, color, material, category, photoURL, is_active) values (33, '2016-11-24', null, 'Shrimp - 16 - 20 Cooked, Peeled', 'at turpis donec posuere metus vitae ipsum aliquam non mauris morbi non lectus aliquam sit amet diam in magna bibendum imperdiet nullam orci pede venenatis non sodales sed tincidunt eu felis fusce posuere felis sed lacus morbi sem mauris', 'VERYSMALL', 'Crimson', 'Fabaceae', 'Outdoors', 'http://dummyimage.com/111x221.bmp/ff4444/ffffff', 'ACTIVE');
insert into item (id, lost_date, found_date, name, description, size, color, material, category, photoURL, is_active) values (34, '2017-01-22', null, 'Soup - Knorr, Chicken Gumbo', 'nisi volutpat eleifend donec ut dolor morbi vel lectus in quam fringilla rhoncus mauris enim leo rhoncus sed vestibulum sit amet cursus id turpis integer aliquet massa id lobortis convallis tortor risus dapibus augue vel accumsan tellus nisi eu orci mauris lacinia sapien quis libero nullam sit amet turpis elementum ligula vehicula', 'SMALL', 'Fuscia', 'Lecanoraceae', 'Books', null, 'ACTIVE');
insert into item (id, lost_date, found_date, name, description, size, color, material, category, photoURL, is_active) values (35, '2017-05-18', null, 'Wine - Port Late Bottled Vintage', 'porta volutpat erat quisque erat eros viverra eget congue eget semper rutrum nulla nunc purus phasellus in felis donec semper sapien a libero nam dui proin leo odio porttitor id consequat in consequat ut nulla sed accumsan felis ut at dolor quis odio consequat varius integer ac leo pellentesque ultrices', 'SMALL', 'Purple', 'Campanulaceae', 'Health', 'http://dummyimage.com/245x100.jpg/5fa2dd/ffffff', 'ACTIVE');
insert into item (id, lost_date, found_date, name, description, size, color, material, category, photoURL, is_active) values (36, '2016-10-14', null, 'Soup - Campbells Beef Strogonoff', null, 'BIG', 'Red', 'Apiaceae', 'Industrial', null, 'ACTIVE');
insert into item (id, lost_date, found_date, name, description, size, color, material, category, photoURL, is_active) values (37, '2016-12-15', null, 'Lamb - Pieces, Diced', 'vestibulum quam sapien varius ut blandit non interdum in ante vestibulum ante ipsum primis in faucibus orci luctus et ultrices posuere', 'SMALL', 'Goldenrod', 'Polygonaceae', 'Movies', 'http://dummyimage.com/221x242.jpg/dddddd/000000', 'ACTIVE');
insert into item (id, lost_date, found_date, name, description, size, color, material, category, photoURL, is_active) values (38, '2017-08-17', null, 'Wine - White, Chardonnay', 'tincidunt ante vel ipsum praesent blandit lacinia erat vestibulum sed magna at nunc commodo placerat praesent blandit nam nulla integer pede justo lacinia eget tincidunt eget tempus vel pede morbi porttitor lorem id ligula suspendisse ornare consequat lectus in est risus auctor sed tristique', 'SMALL', 'Pink', 'Myrtaceae', 'Movies', 'http://dummyimage.com/126x247.png/cc0000/ffffff', 'ACTIVE');
insert into item (id, lost_date, found_date, name, description, size, color, material, category, photoURL, is_active) values (39, '2017-03-13', null, 'Bread Foccacia Whole', null, 'SMALL', 'Blue', 'Euphorbiaceae', 'Games', null, 'ACTIVE');
insert into item (id, lost_date, found_date, name, description, size, color, material, category, photoURL, is_active) values (40, '2017-02-07', null, 'V8 - Berry Blend', 'duis aliquam convallis nunc proin at turpis a pede posuere nonummy integer non velit donec diam neque vestibulum eget vulputate ut ultrices vel augue vestibulum ante ipsum primis in faucibus orci luctus et ultrices posuere cubilia curae donec pharetra magna vestibulum aliquet ultrices', 'VERYBIG', 'Indigo', 'Fabaceae', 'Grocery', 'http://dummyimage.com/212x228.png/cc0000/ffffff', 'ACTIVE');
insert into item (id, lost_date, found_date, name, description, size, color, material, category, photoURL, is_active) values (41, '2017-07-13', null, 'Grapefruit - Pink', 'leo maecenas pulvinar lobortis est phasellus sit amet erat nulla tempus vivamus in felis eu sapien cursus vestibulum proin eu mi nulla ac enim in tempor turpis nec euismod scelerisque quam turpis adipiscing lorem vitae mattis nibh ligula nec sem duis aliquam convallis nunc proin at turpis a pede posuere nonummy', 'VERYSMALL', 'Violet', 'Anacardiaceae', 'Automotive', 'http://dummyimage.com/102x113.bmp/ff4444/ffffff', 'ACTIVE');
insert into item (id, lost_date, found_date, name, description, size, color, material, category, photoURL, is_active) values (42, '2016-10-26', null, 'Beef - Top Sirloin', 'in leo maecenas pulvinar lobortis est phasellus sit amet erat nulla tempus vivamus in felis eu sapien cursus vestibulum proin eu mi nulla ac enim in tempor turpis nec euismod scelerisque quam turpis adipiscing lorem vitae mattis nibh ligula nec sem duis aliquam convallis nunc proin at turpis a pede posuere nonummy', 'VERYSMALL', 'Yellow', 'Campanulaceae', 'Grocery', 'http://dummyimage.com/217x249.bmp/dddddd/000000', 'ACTIVE');
insert into item (id, lost_date, found_date, name, description, size, color, material, category, photoURL, is_active) values (43, '2016-08-26', null, 'Tea Peppermint', 'neque sapien placerat ante nulla justo aliquam quis turpis eget elit sodales scelerisque mauris sit amet eros suspendisse accumsan tortor quis turpis sed ante vivamus tortor duis mattis egestas metus aenean fermentum donec ut mauris eget massa tempor convallis', 'VERYSMALL', 'Pink', 'Cyperaceae', 'Sports', null, 'ACTIVE');
insert into item (id, lost_date, found_date, name, description, size, color, material, category, photoURL, is_active) values (44, '2017-06-12', null, 'Grenadillo', null, 'VERYSMALL', 'Teal', 'Fabaceae', 'Shoes', null, 'ACTIVE');
insert into item (id, lost_date, found_date, name, description, size, color, material, category, photoURL, is_active) values (45, '2017-07-18', null, 'Nantucket - 518ml', null, 'SMALL', 'Blue', 'Scrophulariaceae', 'Jewelery', 'http://dummyimage.com/238x198.bmp/5fa2dd/ffffff', 'ACTIVE');
insert into item (id, lost_date, found_date, name, description, size, color, material, category, photoURL, is_active) values (46, '2017-01-07', null, 'Swiss Chard', null, 'VERYSMALL', 'Red', 'Ranunculaceae', 'Health', null, 'ACTIVE');
insert into item (id, lost_date, found_date, name, description, size, color, material, category, photoURL, is_active) values (47, '2017-08-31', null, 'Cheese - Colby', 'cras mi pede malesuada in imperdiet et commodo vulputate justo in blandit ultrices enim lorem ipsum dolor sit amet consectetuer adipiscing elit proin interdum mauris non ligula pellentesque ultrices phasellus id sapien in sapien iaculis congue', 'VERYBIG', 'Aquamarine', 'Poaceae', 'Computers', null, 'ACTIVE');
insert into item (id, lost_date, found_date, name, description, size, color, material, category, photoURL, is_active) values (48, '2017-04-23', null, 'Uniform Linen Charge', null, 'MEDIUM', 'Violet', 'Polygonaceae', 'Baby', null, 'ACTIVE');
insert into item (id, lost_date, found_date, name, description, size, color, material, category, photoURL, is_active) values (49, '2017-08-03', null, 'Lamb - Leg, Boneless', null, 'MEDIUM', 'Red', 'Brassicaceae', 'Shoes', 'http://dummyimage.com/201x170.png/ff4444/ffffff', 'ACTIVE');
insert into item (id, lost_date, found_date, name, description, size, color, material, category, photoURL, is_active) values (50, '2017-01-30', null, 'Muffin - Mix - Mango Sour Cherry', 'habitasse platea dictumst maecenas ut massa quis augue luctus tincidunt nulla mollis molestie lorem quisque ut erat curabitur gravida nisi at nibh in hac habitasse platea dictumst aliquam augue quam sollicitudin vitae consectetuer eget rutrum at lorem integer tincidunt', 'SMALL', 'Orange', 'Ranunculaceae', 'Jewelery', 'http://dummyimage.com/148x185.jpg/ff4444/ffffff', 'ACTIVE');
insert into item (id, lost_date, found_date, name, description, size, color, material, category, photoURL, is_active) values (51, '2017-08-02', null, 'Salad Dressing', 'cras pellentesque volutpat dui maecenas tristique est et tempus semper est quam pharetra magna ac consequat metus sapien ut nunc vestibulum ante ipsum primis in faucibus', 'VERYBIG', 'Orange', 'Poaceae', 'Kids', 'http://dummyimage.com/138x222.png/cc0000/ffffff', 'ACTIVE');
insert into item (id, lost_date, found_date, name, description, size, color, material, category, photoURL, is_active) values (52, '2016-08-10', null, 'Grapefruit - Pink', 'faucibus accumsan odio curabitur convallis duis consequat dui nec nisi volutpat eleifend donec ut dolor morbi vel lectus in quam fringilla rhoncus mauris enim leo rhoncus sed vestibulum sit amet cursus id turpis integer aliquet massa id lobortis convallis tortor', 'BIG', 'Turquoise', 'Dryopteridaceae', 'Sports', 'http://dummyimage.com/114x244.bmp/ff4444/ffffff', 'ACTIVE');
insert into item (id, lost_date, found_date, name, description, size, color, material, category, photoURL, is_active) values (53, '2017-03-03', null, 'Bread - Sticks, Thin, Plain', 'donec semper sapien a libero nam dui proin leo odio porttitor id consequat in consequat ut nulla sed accumsan felis ut at dolor quis odio consequat varius integer ac leo pellentesque ultrices mattis odio donec vitae nisi nam ultrices libero non mattis pulvinar nulla pede ullamcorper augue a suscipit nulla elit ac nulla sed', 'MEDIUM', 'Mauv', 'Fabaceae', 'Health', 'http://dummyimage.com/236x242.bmp/cc0000/ffffff', 'ACTIVE');
insert into item (id, lost_date, found_date, name, description, size, color, material, category, photoURL, is_active) values (54, '2016-09-10', null, 'Bar - Sweet And Salty Chocolate', 'etiam justo etiam pretium iaculis justo in hac habitasse platea dictumst etiam faucibus cursus urna ut tellus nulla ut erat id mauris vulputate elementum nullam varius nulla facilisi cras non velit nec nisi vulputate nonummy maecenas tincidunt lacus at velit vivamus vel nulla eget eros elementum pellentesque quisque porta volutpat erat quisque erat eros viverra', 'SMALL', 'Violet', 'Chenopodiaceae', 'Computers', null, 'ACTIVE');
insert into item (id, lost_date, found_date, name, description, size, color, material, category, photoURL, is_active) values (55, '2017-05-10', null, 'Grouper - Fresh', 'ac enim in tempor turpis nec euismod scelerisque quam turpis adipiscing lorem vitae mattis nibh ligula nec sem duis aliquam convallis nunc proin at turpis a pede posuere nonummy integer non velit donec', 'BIG', 'Red', 'Loranthaceae', 'Outdoors', 'http://dummyimage.com/132x172.jpg/5fa2dd/ffffff', 'ACTIVE');
insert into item (id, lost_date, found_date, name, description, size, color, material, category, photoURL, is_active) values (56, '2017-09-11', null, 'Pastry - Butterscotch Baked', 'aliquet massa id lobortis convallis tortor risus dapibus augue vel accumsan tellus nisi eu orci mauris lacinia sapien quis libero nullam sit amet turpis elementum ligula vehicula consequat morbi a ipsum integer a nibh in quis justo maecenas rhoncus aliquam lacus morbi quis tortor id nulla ultrices aliquet maecenas leo odio', 'MEDIUM', 'Purple', 'Commelinaceae', 'Clothing', 'http://dummyimage.com/173x101.jpg/5fa2dd/ffffff', 'ACTIVE');
insert into item (id, lost_date, found_date, name, description, size, color, material, category, photoURL, is_active) values (57, '2016-10-13', null, 'Wine - Balbach Riverside', null, 'SMALL', 'Fuscia', 'Pteridaceae', 'Outdoors', null, 'ACTIVE');
insert into item (id, lost_date, found_date, name, description, size, color, material, category, photoURL, is_active) values (58, '2017-05-25', null, 'Cheese - Mascarpone', null, 'VERYSMALL', 'Mauv', 'Aquifoliaceae', 'Movies', 'http://dummyimage.com/216x249.jpg/dddddd/000000', 'ACTIVE');
insert into item (id, lost_date, found_date, name, description, size, color, material, category, photoURL, is_active) values (59, '2016-11-30', null, 'Wine - Beaujolais Villages', null, 'SMALL', 'Goldenrod', 'Asteraceae', 'Books', 'http://dummyimage.com/212x123.jpg/cc0000/ffffff', 'ACTIVE');
insert into item (id, lost_date, found_date, name, description, size, color, material, category, photoURL, is_active) values (60, '2017-08-07', null, 'Anchovy Fillets', 'sapien quis libero nullam sit amet turpis elementum ligula vehicula consequat morbi a ipsum integer a nibh in quis justo maecenas rhoncus aliquam lacus morbi quis tortor id nulla ultrices aliquet maecenas leo odio condimentum id luctus nec molestie sed', 'VERYSMALL', 'Pink', 'Parmeliaceae', 'Baby', 'http://dummyimage.com/181x190.bmp/5fa2dd/ffffff', 'ACTIVE');
insert into item (id, lost_date, found_date, name, description, size, color, material, category, photoURL, is_active) values (61, '2017-03-11', null, 'Sauce - Marinara', null, 'VERYBIG', 'Yellow', 'Brassicaceae', 'Tools', 'http://dummyimage.com/241x153.jpg/ff4444/ffffff', 'ACTIVE');
insert into item (id, lost_date, found_date, name, description, size, color, material, category, photoURL, is_active) values (62, '2017-02-22', null, 'Kahlua', 'amet lobortis sapien sapien non mi integer ac neque duis bibendum morbi non quam nec dui luctus rutrum nulla tellus in sagittis dui vel nisl duis ac nibh fusce lacus purus aliquet at feugiat non pretium quis lectus suspendisse potenti in eleifend', 'BIG', 'Goldenrod', 'Polemoniaceae', 'Movies', null, 'ACTIVE');
insert into item (id, lost_date, found_date, name, description, size, color, material, category, photoURL, is_active) values (63, '2017-05-24', null, 'Seabream Whole Farmed', null, 'MEDIUM', 'Blue', 'Apocynaceae', 'Sports', 'http://dummyimage.com/121x137.bmp/dddddd/000000', 'ACTIVE');
insert into item (id, lost_date, found_date, name, description, size, color, material, category, photoURL, is_active) values (64, '2017-06-23', null, 'Bacardi Breezer - Strawberry', 'rhoncus sed vestibulum sit amet cursus id turpis integer aliquet massa id lobortis convallis tortor risus dapibus augue vel accumsan tellus nisi eu orci mauris lacinia sapien quis libero nullam sit amet turpis elementum ligula vehicula consequat morbi a ipsum integer a nibh in quis justo maecenas rhoncus aliquam lacus morbi quis', 'VERYSMALL', 'Green', 'Orchidaceae', 'Kids', 'http://dummyimage.com/124x108.jpg/ff4444/ffffff', 'INACTIVE');
insert into item (id, lost_date, found_date, name, description, size, color, material, category, photoURL, is_active) values (65, '2017-05-02', null, 'Crab - Soft Shell', 'elementum nullam varius nulla facilisi cras non velit nec nisi vulputate nonummy maecenas tincidunt lacus at velit vivamus vel nulla eget eros elementum pellentesque quisque porta volutpat erat quisque erat eros viverra eget congue eget semper rutrum nulla nunc purus phasellus in', 'VERYBIG', 'Maroon', 'Cucurbitaceae', 'Toys', 'http://dummyimage.com/146x171.jpg/ff4444/ffffff', 'ACTIVE');
insert into item (id, lost_date, found_date, name, description, size, color, material, category, photoURL, is_active) values (66, '2016-07-02', null, 'Cheese - Romano, Grated', 'mi pede malesuada in imperdiet et commodo vulputate justo in blandit ultrices enim lorem ipsum dolor sit amet consectetuer adipiscing elit proin interdum mauris non ligula pellentesque ultrices phasellus id sapien in sapien iaculis congue vivamus metus arcu adipiscing molestie hendrerit at', 'SMALL', 'Crimson', 'Asteraceae', 'Health', null, 'ACTIVE');
insert into item (id, lost_date, found_date, name, description, size, color, material, category, photoURL, is_active) values (67, '2017-08-18', null, 'Cheese - Sheep Milk', 'ipsum aliquam non mauris morbi non lectus aliquam sit amet diam in magna bibendum imperdiet nullam orci pede venenatis non sodales sed tincidunt eu felis fusce posuere felis sed lacus morbi sem mauris laoreet ut rhoncus aliquet pulvinar sed nisl nunc rhoncus dui vel sem sed sagittis nam congue risus semper porta volutpat quam pede lobortis', 'SMALL', 'Yellow', 'Liliaceae', 'Baby', 'http://dummyimage.com/196x139.jpg/5fa2dd/ffffff', 'ACTIVE');
insert into item (id, lost_date, found_date, name, description, size, color, material, category, photoURL, is_active) values (68, '2017-03-29', null, 'French Pastry - Mini Chocolate', 'luctus et ultrices posuere cubilia curae mauris viverra diam vitae quam suspendisse potenti nullam porttitor lacus at turpis donec posuere metus vitae ipsum aliquam non mauris morbi non lectus aliquam sit amet diam in magna bibendum', 'VERYSMALL', 'Khaki', 'Polygonaceae', 'Grocery', 'http://dummyimage.com/229x219.jpg/5fa2dd/ffffff', 'ACTIVE');
insert into item (id, lost_date, found_date, name, description, size, color, material, category, photoURL, is_active) values (69, '2016-11-06', null, 'Lid Coffeecup 12oz D9542b', 'tortor risus dapibus augue vel accumsan tellus nisi eu orci mauris lacinia sapien quis libero nullam sit amet turpis elementum', 'MEDIUM', 'Purple', 'Ranunculaceae', 'Shoes', 'http://dummyimage.com/231x120.png/cc0000/ffffff', 'ACTIVE');
insert into item (id, lost_date, found_date, name, description, size, color, material, category, photoURL, is_active) values (70, '2017-05-20', null, 'Wine - Saint - Bris 2002, Sauv', 'amet justo morbi ut odio cras mi pede malesuada in imperdiet et commodo vulputate justo in blandit ultrices enim lorem ipsum dolor sit amet consectetuer adipiscing elit proin interdum mauris non ligula pellentesque ultrices phasellus id', 'VERYSMALL', 'Indigo', 'Brassicaceae', 'Home', null, 'ACTIVE');
insert into item (id, lost_date, found_date, name, description, size, color, material, category, photoURL, is_active) values (71, '2017-01-10', null, 'Nutmeg - Ground', 'ultrices posuere cubilia curae mauris viverra diam vitae quam suspendisse potenti nullam porttitor lacus at turpis donec posuere metus vitae ipsum aliquam non mauris morbi', 'BIG', 'Pink', 'Poaceae', 'Garden', null, 'ACTIVE');
insert into item (id, lost_date, found_date, name, description, size, color, material, category, photoURL, is_active) values (72, '2016-10-28', null, 'Piping Jelly - All Colours', null, 'BIG', 'Indigo', 'Cyperaceae', 'Toys', 'http://dummyimage.com/101x186.jpg/5fa2dd/ffffff', 'ACTIVE');
insert into item (id, lost_date, found_date, name, description, size, color, material, category, photoURL, is_active) values (73, '2016-07-02', null, 'Nut - Pistachio, Shelled', null, 'SMALL', 'Khaki', 'Hydrophyllaceae', 'Outdoors', 'http://dummyimage.com/107x250.png/dddddd/000000', 'ACTIVE');
insert into item (id, lost_date, found_date, name, description, size, color, material, category, photoURL, is_active) values (74, '2016-06-09', null, 'Wine - Pinot Noir Pond Haddock', null, 'SMALL', 'Yellow', 'Leskeaceae', 'Sports', null, 'ACTIVE');
insert into item (id, lost_date, found_date, name, description, size, color, material, category, photoURL, is_active) values (75, '2017-03-09', null, 'Bread - Pumpernickel', null, 'SMALL', 'Blue', 'Lecanoraceae', 'Kids', 'http://dummyimage.com/209x237.bmp/ff4444/ffffff', 'ACTIVE');
insert into item (id, lost_date, found_date, name, description, size, color, material, category, photoURL, is_active) values (76, '2017-09-02', null, 'Bread - Rolls, Rye', 'nisl nunc rhoncus dui vel sem sed sagittis nam congue risus semper porta volutpat quam pede lobortis ligula sit amet eleifend pede libero quis orci', 'SMALL', 'Pink', 'Rosaceae', 'Games', 'http://dummyimage.com/162x159.jpg/5fa2dd/ffffff', 'ACTIVE');
insert into item (id, lost_date, found_date, name, description, size, color, material, category, photoURL, is_active) values (77, '2017-08-20', null, 'Star Anise, Whole', 'lorem id ligula suspendisse ornare consequat lectus in est risus auctor sed tristique in tempus sit amet sem fusce consequat nulla nisl nunc nisl duis bibendum felis sed interdum venenatis turpis enim blandit mi in porttitor pede justo eu massa donec dapibus duis at velit eu est congue elementum in hac habitasse platea dictumst morbi vestibulum', 'SMALL', 'Blue', 'Liliaceae', 'Books', null, 'ACTIVE');
insert into item (id, lost_date, found_date, name, description, size, color, material, category, photoURL, is_active) values (78, '2016-06-06', null, 'Pancetta', 'magna at nunc commodo placerat praesent blandit nam nulla integer pede justo lacinia eget tincidunt eget tempus vel pede morbi porttitor lorem id ligula suspendisse ornare consequat lectus in est risus auctor sed tristique in tempus sit amet sem fusce consequat nulla nisl nunc nisl duis bibendum felis sed interdum venenatis turpis enim blandit mi in porttitor pede justo', 'SMALL', 'Turquoise', 'Fabaceae', 'Jewelery', null, 'ACTIVE');
insert into item (id, lost_date, found_date, name, description, size, color, material, category, photoURL, is_active) values (79, '2017-05-08', null, 'Absolut Citron', null, 'VERYSMALL', 'Crimson', 'Onagraceae', 'Kids', 'http://dummyimage.com/148x114.png/5fa2dd/ffffff', 'ACTIVE');
insert into item (id, lost_date, found_date, name, description, size, color, material, category, photoURL, is_active) values (80, '2017-02-04', null, 'Muffin Puck Ww Carrot', null, 'BIG', 'Maroon', 'Oxalidaceae', 'Movies', 'http://dummyimage.com/240x232.png/dddddd/000000', 'ACTIVE');
insert into item (id, lost_date, found_date, name, description, size, color, material, category, photoURL, is_active) values (81, '2016-10-15', null, 'Glaze - Apricot', null, 'SMALL', 'Orange', 'Asteraceae', 'Industrial', 'http://dummyimage.com/129x197.jpg/5fa2dd/ffffff', 'ACTIVE');
insert into item (id, lost_date, found_date, name, description, size, color, material, category, photoURL, is_active) values (82, '2017-07-20', null, 'Beets', null, 'SMALL', 'Mauv', 'Linaceae', 'Beauty', 'http://dummyimage.com/237x203.bmp/5fa2dd/ffffff', 'ACTIVE');
insert into item (id, lost_date, found_date, name, description, size, color, material, category, photoURL, is_active) values (83, '2016-09-22', null, 'Sproutsmustard Cress', 'est quam pharetra magna ac consequat metus sapien ut nunc vestibulum ante ipsum primis in faucibus orci luctus et ultrices posuere cubilia curae mauris viverra diam vitae quam suspendisse potenti nullam porttitor lacus at turpis donec posuere metus vitae ipsum aliquam non mauris morbi non lectus', 'SMALL', 'Turquoise', 'Asteraceae', 'Games', 'http://dummyimage.com/111x105.png/ff4444/ffffff', 'ACTIVE');
insert into item (id, lost_date, found_date, name, description, size, color, material, category, photoURL, is_active) values (84, '2017-03-10', null, 'Flour - Fast / Rapid', null, 'VERYSMALL', 'Puce', 'Lamiaceae', 'Jewelery', 'http://dummyimage.com/249x103.bmp/cc0000/ffffff', 'ACTIVE');
insert into item (id, lost_date, found_date, name, description, size, color, material, category, photoURL, is_active) values (85, '2016-08-05', null, 'Carbonated Water - Orange', null, 'MEDIUM', 'Aquamarine', 'Orchidaceae', 'Books', 'http://dummyimage.com/229x125.bmp/dddddd/000000', 'INACTIVE');
insert into item (id, lost_date, found_date, name, description, size, color, material, category, photoURL, is_active) values (86, '2016-10-13', null, 'Wine - Montecillo Rioja Crianza', 'donec pharetra magna vestibulum aliquet ultrices erat tortor sollicitudin mi sit amet lobortis sapien sapien non mi integer ac neque duis bibendum morbi non quam nec dui luctus rutrum nulla tellus in', 'VERYSMALL', 'Crimson', 'Gesneriaceae', 'Automotive', 'http://dummyimage.com/158x164.jpg/dddddd/000000', 'ACTIVE');
insert into item (id, lost_date, found_date, name, description, size, color, material, category, photoURL, is_active) values (87, '2017-02-26', null, 'Cheese - Swiss', 'sapien dignissim vestibulum vestibulum ante ipsum primis in faucibus orci luctus et ultrices posuere cubilia curae nulla dapibus dolor vel est donec odio justo sollicitudin ut suscipit a feugiat et eros', 'VERYSMALL', 'Violet', 'Cyperaceae', 'Garden', 'http://dummyimage.com/232x137.bmp/cc0000/ffffff', 'ACTIVE');
insert into item (id, lost_date, found_date, name, description, size, color, material, category, photoURL, is_active) values (88, '2016-12-20', null, 'Bay Leaf', 'nulla sed vel enim sit amet nunc viverra dapibus nulla suscipit ligula in lacus curabitur at ipsum ac tellus semper interdum mauris', 'BIG', 'Indigo', 'Mniaceae', 'Shoes', 'http://dummyimage.com/204x174.jpg/dddddd/000000', 'ACTIVE');
insert into item (id, lost_date, found_date, name, description, size, color, material, category, photoURL, is_active) values (89, '2016-12-11', null, 'Sobe - Green Tea', null, 'SMALL', 'Pink', 'Asclepiadaceae', 'Shoes', 'http://dummyimage.com/128x216.png/dddddd/000000', 'ACTIVE');
insert into item (id, lost_date, found_date, name, description, size, color, material, category, photoURL, is_active) values (90, '2017-06-06', null, 'Dried Peach', 'arcu sed augue aliquam erat volutpat in congue etiam justo etiam pretium iaculis justo in hac habitasse platea dictumst etiam faucibus cursus urna ut tellus nulla ut erat id mauris vulputate elementum nullam varius nulla facilisi cras non velit nec nisi vulputate nonummy maecenas tincidunt lacus at', 'SMALL', 'Goldenrod', 'Dryopteridaceae', 'Music', 'http://dummyimage.com/191x231.bmp/dddddd/000000', 'ACTIVE');
insert into item (id, lost_date, found_date, name, description, size, color, material, category, photoURL, is_active) values (91, '2016-07-04', null, 'Crawfish', 'in hac habitasse platea dictumst etiam faucibus cursus urna ut tellus nulla ut erat id mauris vulputate elementum nullam varius nulla facilisi cras non velit nec nisi vulputate nonummy maecenas tincidunt lacus at velit vivamus vel nulla', 'VERYBIG', 'Green', 'Lamiaceae', 'Games', null, 'ACTIVE');
insert into item (id, lost_date, found_date, name, description, size, color, material, category, photoURL, is_active) values (92, '2017-08-19', null, 'Scrubbie - Scotchbrite Hand Pad', null, 'BIG', 'Turquoise', 'Asteraceae', 'Tools', null, 'ACTIVE');
insert into item (id, lost_date, found_date, name, description, size, color, material, category, photoURL, is_active) values (93, '2017-02-03', null, 'Beef - Flank Steak', null, 'SMALL', 'Teal', 'Chenopodiaceae', 'Jewelery', 'http://dummyimage.com/203x164.jpg/5fa2dd/ffffff', 'ACTIVE');
insert into item (id, lost_date, found_date, name, description, size, color, material, category, photoURL, is_active) values (94, '2017-07-06', null, 'Cheese - St. Andre', null, 'SMALL', 'Pink', 'Poaceae', 'Industrial', 'http://dummyimage.com/124x193.jpg/dddddd/000000', 'ACTIVE');
insert into item (id, lost_date, found_date, name, description, size, color, material, category, photoURL, is_active) values (95, '2016-08-30', null, 'Croissant, Raw - Mini', null, 'VERYSMALL', 'Mauv', 'Asteraceae', 'Jewelery', 'http://dummyimage.com/130x161.png/cc0000/ffffff', 'ACTIVE');
insert into item (id, lost_date, found_date, name, description, size, color, material, category, photoURL, is_active) values (96, '2016-12-24', null, 'Lamb - Leg, Bone In', null, 'SMALL', 'Aquamarine', 'Lamiaceae', 'Baby', 'http://dummyimage.com/105x126.jpg/5fa2dd/ffffff', 'ACTIVE');
insert into item (id, lost_date, found_date, name, description, size, color, material, category, photoURL, is_active) values (97, '2016-09-07', null, 'Salsify, Organic', 'sit amet consectetuer adipiscing elit proin risus praesent lectus vestibulum quam sapien varius ut blandit non interdum in ante vestibulum ante ipsum', 'BIG', 'Aquamarine', 'Brassicaceae', 'Grocery', null, 'ACTIVE');
insert into item (id, lost_date, found_date, name, description, size, color, material, category, photoURL, is_active) values (98, '2017-03-03', null, 'Pork - Shoulder', 'pretium nisl ut volutpat sapien arcu sed augue aliquam erat volutpat in congue etiam justo etiam pretium iaculis justo in hac habitasse platea dictumst etiam faucibus cursus urna ut tellus nulla ut erat id mauris vulputate elementum nullam varius nulla facilisi cras non velit nec nisi vulputate nonummy maecenas', 'BIG', 'Indigo', 'Fabaceae', 'Shoes', 'http://dummyimage.com/180x139.png/5fa2dd/ffffff', 'ACTIVE');
insert into item (id, lost_date, found_date, name, description, size, color, material, category, photoURL, is_active) values (99, '2016-07-13', null, 'Tea - Darjeeling, Azzura', null, 'BIG', 'Khaki', 'Melaspileaceae', 'Automotive', null, 'ACTIVE');
insert into item (id, lost_date, found_date, name, description, size, color, material, category, photoURL, is_active) values (100, '2016-11-18', null, 'Wine - Prosecco Valdobienne', null, 'SMALL', 'Mauv', 'Polygonaceae', 'Toys', 'http://dummyimage.com/101x234.bmp/5fa2dd/ffffff', 'ACTIVE');
insert into item (id, lost_date, found_date, name, description, size, color, material, category, photoURL, is_active) values (105, null, '2016-07-25', 'Lid - 0090 Clear', 'nulla elit ac nulla sed vel enim sit amet nunc viverra dapibus nulla suscipit ligula in lacus curabitur at ipsum ac tellus semper interdum mauris ullamcorper purus sit amet nulla quisque arcu libero rutrum ac lobortis vel dapibus', 'BIG', 'Turquoise', 'Apiaceae', 'Outdoors', null, 'ACTIVE');
insert into item (id, lost_date, found_date, name, description, size, color, material, category, photoURL, is_active) values (106, null, '2016-09-14', 'Vermacelli - Sprinkles, Assorted', 'sed accumsan felis ut at dolor quis odio consequat varius integer ac leo pellentesque ultrices mattis odio donec vitae nisi nam ultrices libero non mattis pulvinar nulla pede ullamcorper augue a suscipit nulla elit ac nulla sed vel enim sit amet nunc viverra dapibus nulla suscipit ligula', 'SMALL', 'Turquoise', 'Rosaceae', 'Games', 'http://dummyimage.com/214x217.bmp/ff4444/ffffff', 'ACTIVE');
insert into item (id, lost_date, found_date, name, description, size, color, material, category, photoURL, is_active) values (107, null, '2017-03-17', 'Sproutsmustard Cress', 'luctus et ultrices posuere cubilia curae duis faucibus accumsan odio curabitur convallis duis consequat dui nec nisi volutpat eleifend donec ut dolor morbi vel lectus in quam fringilla', 'MEDIUM', 'Puce', 'Solanaceae', 'Tools', 'http://dummyimage.com/167x232.bmp/ff4444/ffffff', 'ACTIVE');
insert into item (id, lost_date, found_date, name, description, size, color, material, category, photoURL, is_active) values (108, null, '2017-04-15', 'Lettuce - Mini Greens, Whole', null, 'MEDIUM', 'Goldenrod', 'Brassicaceae', 'Toys', 'http://dummyimage.com/198x147.png/5fa2dd/ffffff', 'ACTIVE');
insert into item (id, lost_date, found_date, name, description, size, color, material, category, photoURL, is_active) values (109, null, '2017-03-10', 'Flavouring - Orange', 'iaculis justo in hac habitasse platea dictumst etiam faucibus cursus urna ut tellus nulla ut erat id mauris vulputate elementum nullam varius', 'MEDIUM', 'Khaki', 'Hypnaceae', 'Computers', 'http://dummyimage.com/190x201.jpg/cc0000/ffffff', 'ACTIVE');
insert into item (id, lost_date, found_date, name, description, size, color, material, category, photoURL, is_active) values (110, null, '2017-06-19', 'Soup V8 Roasted Red Pepper', null, 'BIG', 'Indigo', 'Apiaceae', 'Computers', 'http://dummyimage.com/186x118.bmp/dddddd/000000', 'ACTIVE');
insert into item (id, lost_date, found_date, name, description, size, color, material, category, photoURL, is_active) values (111, null, '2016-10-23', 'Shrimp - Tiger 21/25', null, 'MEDIUM', 'Mauv', 'Polygonaceae', 'Electronics', 'http://dummyimage.com/245x215.png/dddddd/000000', 'ACTIVE');
insert into item (id, lost_date, found_date, name, description, size, color, material, category, photoURL, is_active) values (112, null, '2016-07-13', 'Gelatine Powder', null, 'MEDIUM', 'Yellow', 'Trapeliaceae', 'Movies', 'http://dummyimage.com/125x218.bmp/ff4444/ffffff', 'ACTIVE');
insert into item (id, lost_date, found_date, name, description, size, color, material, category, photoURL, is_active) values (113, null, '2017-09-13', 'Blueberries', 'cursus id turpis integer aliquet massa id lobortis convallis tortor risus dapibus augue vel accumsan tellus nisi eu orci mauris lacinia sapien quis libero nullam sit amet turpis elementum ligula vehicula consequat morbi a ipsum integer', 'VERYSMALL', 'Goldenrod', 'Cactaceae', 'Books', 'http://dummyimage.com/157x167.jpg/ff4444/ffffff', 'ACTIVE');
insert into item (id, lost_date, found_date, name, description, size, color, material, category, photoURL, is_active) values (114, null, '2017-06-08', 'Wasabi Paste', 'suspendisse potenti nullam porttitor lacus at turpis donec posuere metus vitae ipsum aliquam non mauris morbi non lectus aliquam sit amet diam in magna bibendum imperdiet nullam orci pede venenatis non sodales sed tincidunt eu felis fusce posuere felis sed lacus morbi sem mauris laoreet ut rhoncus aliquet pulvinar sed', 'VERYSMALL', 'Blue', 'Hydrophyllaceae', 'Grocery', 'http://dummyimage.com/202x198.jpg/5fa2dd/ffffff', 'ACTIVE');
insert into item (id, lost_date, found_date, name, description, size, color, material, category, photoURL, is_active) values (115, null, '2016-10-21', 'Ecolab Silver Fusion', 'suspendisse accumsan tortor quis turpis sed ante vivamus tortor duis mattis egestas metus aenean fermentum donec ut mauris eget massa tempor convallis nulla neque libero convallis eget eleifend luctus ultricies eu nibh quisque id justo sit amet sapien dignissim vestibulum', 'VERYSMALL', 'Maroon', 'Acanthaceae', 'Sports', 'http://dummyimage.com/242x143.jpg/cc0000/ffffff', 'ACTIVE');
insert into item (id, lost_date, found_date, name, description, size, color, material, category, photoURL, is_active) values (116, null, '2017-06-21', 'Squid - U 5', 'rutrum nulla tellus in sagittis dui vel nisl duis ac nibh fusce lacus purus aliquet at feugiat non pretium quis lectus', 'MEDIUM', 'Orange', 'Scrophulariaceae', 'Computers', 'http://dummyimage.com/103x172.jpg/cc0000/ffffff', 'ACTIVE');
insert into item (id, lost_date, found_date, name, description, size, color, material, category, photoURL, is_active) values (117, null, '2016-09-07', 'Appetizer - Sausage Rolls', null, 'SMALL', 'Maroon', 'Oxalidaceae', 'Industrial', 'http://dummyimage.com/146x160.png/dddddd/000000', 'ACTIVE');
insert into item (id, lost_date, found_date, name, description, size, color, material, category, photoURL, is_active) values (118, null, '2016-08-18', 'Pork - Smoked Kassler', null, 'BIG', 'Khaki', 'Scrophulariaceae', 'Toys', null, 'ACTIVE');
insert into item (id, lost_date, found_date, name, description, size, color, material, category, photoURL, is_active) values (119, null, '2016-06-21', 'Icecream - Dstk Strw Chseck', 'convallis nunc proin at turpis a pede posuere nonummy integer non velit donec diam neque vestibulum eget vulputate ut ultrices vel augue vestibulum ante ipsum primis in faucibus orci luctus et ultrices posuere cubilia curae donec pharetra magna vestibulum aliquet ultrices erat tortor sollicitudin mi sit amet lobortis sapien sapien non mi integer ac neque duis bibendum morbi non', 'VERYSMALL', 'Orange', 'Rhizocarpaceae', 'Clothing', null, 'ACTIVE');
insert into item (id, lost_date, found_date, name, description, size, color, material, category, photoURL, is_active) values (120, null, '2016-06-06', 'Juice - Prune', 'sed interdum venenatis turpis enim blandit mi in porttitor pede justo eu massa donec dapibus duis at velit eu est congue elementum in hac habitasse platea dictumst morbi vestibulum velit id pretium iaculis diam erat fermentum justo nec condimentum neque sapien placerat ante nulla justo aliquam quis turpis eget elit sodales scelerisque mauris sit amet eros suspendisse accumsan tortor quis', 'BIG', 'Green', 'Asteraceae', 'Health', null, 'ACTIVE');
insert into item (id, lost_date, found_date, name, description, size, color, material, category, photoURL, is_active) values (121, null, '2016-12-20', 'Vol Au Vents', null, 'VERYSMALL', 'Indigo', 'Fabaceae', 'Music', 'http://dummyimage.com/173x149.png/dddddd/000000', 'ACTIVE');
insert into item (id, lost_date, found_date, name, description, size, color, material, category, photoURL, is_active) values (122, null, '2016-11-21', 'Pork - Caul Fat', 'eleifend donec ut dolor morbi vel lectus in quam fringilla rhoncus mauris enim leo rhoncus sed vestibulum sit amet cursus id turpis integer aliquet massa id lobortis convallis tortor risus dapibus augue vel accumsan', 'MEDIUM', 'Puce', 'Cactaceae', 'Garden', null, 'ACTIVE');
insert into item (id, lost_date, found_date, name, description, size, color, material, category, photoURL, is_active) values (123, null, '2017-06-30', 'Stock - Veal, Brown', 'venenatis turpis enim blandit mi in porttitor pede justo eu massa donec dapibus duis at velit eu est congue elementum in hac habitasse platea dictumst morbi vestibulum velit id pretium iaculis diam erat', 'SMALL', 'Goldenrod', 'Rubiaceae', 'Tools', 'http://dummyimage.com/112x168.png/dddddd/000000', 'ACTIVE');
insert into item (id, lost_date, found_date, name, description, size, color, material, category, photoURL, is_active) values (124, null, '2017-01-30', 'Steam Pan - Half Size Deep', null, 'VERYBIG', 'Red', 'Arthoniaceae', 'Sports', 'http://dummyimage.com/218x121.png/ff4444/ffffff', 'ACTIVE');
insert into item (id, lost_date, found_date, name, description, size, color, material, category, photoURL, is_active) values (125, null, '2017-08-08', 'Lid Coffeecup 12oz D9542b', 'felis sed lacus morbi sem mauris laoreet ut rhoncus aliquet pulvinar sed nisl nunc rhoncus dui vel sem sed sagittis nam congue risus semper porta volutpat quam pede lobortis ligula sit amet eleifend pede libero quis orci nullam molestie', 'SMALL', 'Blue', 'Scrophulariaceae', 'Games', 'http://dummyimage.com/133x165.bmp/5fa2dd/ffffff', 'ACTIVE');
insert into item (id, lost_date, found_date, name, description, size, color, material, category, photoURL, is_active) values (126, null, '2016-06-30', 'Sugar - Icing', null, 'SMALL', 'Maroon', 'Ericaceae', 'Automotive', null, 'ACTIVE');
insert into item (id, lost_date, found_date, name, description, size, color, material, category, photoURL, is_active) values (127, null, '2017-07-11', 'Alize Gold Passion', 'eget nunc donec quis orci eget orci vehicula condimentum curabitur in libero ut massa volutpat convallis morbi odio odio elementum eu interdum eu tincidunt in leo maecenas pulvinar lobortis est phasellus sit amet erat nulla tempus vivamus in felis eu sapien cursus vestibulum proin eu mi nulla ac enim in tempor turpis nec euismod', 'SMALL', 'Pink', 'Asteraceae', 'Electronics', 'http://dummyimage.com/224x225.jpg/ff4444/ffffff', 'INACTIVE');
insert into item (id, lost_date, found_date, name, description, size, color, material, category, photoURL, is_active) values (128, null, '2017-06-04', 'Pastry - French Mini Assorted', null, 'SMALL', 'Red', 'Liliaceae', 'Shoes', 'http://dummyimage.com/158x156.bmp/ff4444/ffffff', 'ACTIVE');
insert into item (id, lost_date, found_date, name, description, size, color, material, category, photoURL, is_active) values (129, null, '2017-02-10', 'Chocolate Liqueur - Godet White', null, 'VERYSMALL', 'Violet', 'Boraginaceae', 'Home', null, 'ACTIVE');
insert into item (id, lost_date, found_date, name, description, size, color, material, category, photoURL, is_active) values (130, null, '2017-01-08', 'Cookies - Amaretto', 'augue vestibulum ante ipsum primis in faucibus orci luctus et ultrices posuere cubilia curae donec pharetra magna vestibulum aliquet ultrices erat tortor sollicitudin mi sit amet lobortis sapien sapien non mi integer ac neque duis bibendum morbi non quam nec dui', 'SMALL', 'Turquoise', 'Cuscutaceae', 'Toys', null, 'ACTIVE');
insert into item (id, lost_date, found_date, name, description, size, color, material, category, photoURL, is_active) values (131, null, '2017-03-14', 'Latex Rubber Gloves Size 9', null, 'SMALL', 'Purple', 'Lamiaceae', 'Electronics', null, 'ACTIVE');
insert into item (id, lost_date, found_date, name, description, size, color, material, category, photoURL, is_active) values (132, null, '2017-08-20', 'Juice - Ocean Spray Cranberry', null, 'MEDIUM', 'Mauv', 'Lamiaceae', 'Games', 'http://dummyimage.com/166x229.jpg/dddddd/000000', 'ACTIVE');
insert into item (id, lost_date, found_date, name, description, size, color, material, category, photoURL, is_active) values (133, null, '2016-09-23', 'Pineapple - Canned, Rings', null, 'VERYSMALL', 'Violet', 'Pinaceae', 'Books', 'http://dummyimage.com/216x166.jpg/ff4444/ffffff', 'INACTIVE');
insert into item (id, lost_date, found_date, name, description, size, color, material, category, photoURL, is_active) values (134, null, '2017-06-28', 'Fond - Neutral', 'proin risus praesent lectus vestibulum quam sapien varius ut blandit non interdum in ante vestibulum ante ipsum primis in faucibus orci luctus et ultrices posuere cubilia curae duis faucibus accumsan', 'MEDIUM', 'Orange', 'Lecythidaceae', 'Garden', null, 'ACTIVE');
insert into item (id, lost_date, found_date, name, description, size, color, material, category, photoURL, is_active) values (135, null, '2016-08-14', 'Longos - Chicken Caeser Salad', null, 'MEDIUM', 'Turquoise', 'Euphorbiaceae', 'Games', 'http://dummyimage.com/134x244.jpg/5fa2dd/ffffff', 'ACTIVE');
insert into item (id, lost_date, found_date, name, description, size, color, material, category, photoURL, is_active) values (136, null, '2016-07-03', 'Veal - Ground', null, 'SMALL', 'Purple', 'Aspleniaceae', 'Tools', 'http://dummyimage.com/207x148.png/cc0000/ffffff', 'ACTIVE');
insert into item (id, lost_date, found_date, name, description, size, color, material, category, photoURL, is_active) values (137, null, '2016-09-14', 'Bread - Granary Small Pull', 'interdum mauris non ligula pellentesque ultrices phasellus id sapien in sapien iaculis congue vivamus metus arcu adipiscing molestie hendrerit at vulputate vitae nisl aenean', 'SMALL', 'Khaki', 'Asteraceae', 'Clothing', 'http://dummyimage.com/123x118.png/cc0000/ffffff', 'ACTIVE');
insert into item (id, lost_date, found_date, name, description, size, color, material, category, photoURL, is_active) values (138, null, '2017-05-24', 'Capon - Breast, Wing On', 'amet diam in magna bibendum imperdiet nullam orci pede venenatis non sodales sed tincidunt eu felis fusce posuere felis sed lacus morbi sem mauris laoreet ut rhoncus aliquet pulvinar sed nisl nunc rhoncus dui vel sem sed sagittis nam congue risus semper porta volutpat quam pede lobortis ligula sit amet eleifend pede libero quis orci nullam', 'SMALL', 'Purple', 'Ophioglossaceae', 'Books', null, 'ACTIVE');
insert into item (id, lost_date, found_date, name, description, size, color, material, category, photoURL, is_active) values (139, null, '2016-12-27', 'Wine - Penfolds Koonuga Hill', null, 'BIG', 'Crimson', 'Ericaceae', 'Automotive', 'http://dummyimage.com/118x110.bmp/ff4444/ffffff', 'ACTIVE');
insert into item (id, lost_date, found_date, name, description, size, color, material, category, photoURL, is_active) values (140, null, '2017-04-22', 'Lettuce - Mini Greens, Whole', null, 'VERYSMALL', 'Blue', 'Apiaceae', 'Jewelery', 'http://dummyimage.com/157x105.png/cc0000/ffffff', 'ACTIVE');
insert into item (id, lost_date, found_date, name, description, size, color, material, category, photoURL, is_active) values (141, null, '2016-10-18', 'Syrup - Chocolate', 'nisi at nibh in hac habitasse platea dictumst aliquam augue quam sollicitudin vitae consectetuer eget rutrum at lorem integer tincidunt ante vel ipsum praesent blandit lacinia erat vestibulum sed magna', 'VERYSMALL', 'Aquamarine', 'Polygonaceae', 'Shoes', null, 'ACTIVE');
insert into item (id, lost_date, found_date, name, description, size, color, material, category, photoURL, is_active) values (142, null, '2016-10-01', 'True - Vue Containers', 'fusce lacus purus aliquet at feugiat non pretium quis lectus suspendisse potenti in eleifend quam a odio in hac habitasse platea dictumst maecenas ut massa quis augue luctus tincidunt', 'BIG', 'Mauv', 'Polygonaceae', 'Beauty', 'http://dummyimage.com/109x107.jpg/ff4444/ffffff', 'ACTIVE');
insert into item (id, lost_date, found_date, name, description, size, color, material, category, photoURL, is_active) values (143, null, '2016-06-27', 'Bag Stand', 'et ultrices posuere cubilia curae donec pharetra magna vestibulum aliquet ultrices erat tortor sollicitudin mi sit amet lobortis sapien sapien non mi integer ac neque duis bibendum morbi non quam nec dui luctus rutrum nulla tellus in sagittis dui vel nisl duis ac nibh fusce lacus purus aliquet at feugiat', 'VERYSMALL', 'Crimson', 'Tiliaceae', 'Health', null, 'ACTIVE');
insert into item (id, lost_date, found_date, name, description, size, color, material, category, photoURL, is_active) values (144, null, '2016-09-07', 'Jagermeister', null, 'MEDIUM', 'Mauv', 'Scrophulariaceae', 'Industrial', 'http://dummyimage.com/175x229.bmp/5fa2dd/ffffff', 'ACTIVE');
insert into item (id, lost_date, found_date, name, description, size, color, material, category, photoURL, is_active) values (145, null, '2017-01-08', 'Pasta - Lasagna Noodle, Frozen', null, 'VERYSMALL', 'Indigo', 'Poaceae', 'Grocery', null, 'ACTIVE');
insert into item (id, lost_date, found_date, name, description, size, color, material, category, photoURL, is_active) values (146, null, '2017-02-06', 'Pepper - Cayenne', 'tortor id nulla ultrices aliquet maecenas leo odio condimentum id luctus nec molestie sed justo pellentesque viverra pede ac diam cras pellentesque volutpat dui maecenas tristique est et tempus', 'MEDIUM', 'Teal', 'Pertusariaceae', 'Jewelery', null, 'ACTIVE');
insert into item (id, lost_date, found_date, name, description, size, color, material, category, photoURL, is_active) values (147, null, '2017-07-22', 'Rum - White, Gg White', 'ipsum primis in faucibus orci luctus et ultrices posuere cubilia curae mauris viverra diam vitae quam suspendisse potenti nullam porttitor lacus at turpis donec posuere metus vitae ipsum aliquam non mauris morbi non lectus aliquam sit amet diam in magna bibendum imperdiet', 'SMALL', 'Fuscia', 'Arthoniaceae', 'Industrial', null, 'INACTIVE');
insert into item (id, lost_date, found_date, name, description, size, color, material, category, photoURL, is_active) values (148, null, '2017-08-09', 'Aromat Spice / Seasoning', null, 'MEDIUM', 'Violet', 'Asteraceae', 'Tools', 'http://dummyimage.com/118x181.jpg/dddddd/000000', 'ACTIVE');
insert into item (id, lost_date, found_date, name, description, size, color, material, category, photoURL, is_active) values (149, null, '2016-07-25', 'Napkin - Dinner, White', 'at feugiat non pretium quis lectus suspendisse potenti in eleifend quam a odio in hac habitasse platea dictumst maecenas ut massa quis augue luctus tincidunt nulla mollis molestie lorem quisque ut erat curabitur gravida nisi at nibh in hac habitasse platea dictumst aliquam augue quam sollicitudin vitae consectetuer eget rutrum at', 'BIG', 'Crimson', 'Aceraceae', 'Garden', null, 'ACTIVE');
insert into item (id, lost_date, found_date, name, description, size, color, material, category, photoURL, is_active) values (150, null, '2016-06-11', 'Carrots - Jumbo', null, 'SMALL', 'Turquoise', 'Poaceae', 'Automotive', 'http://dummyimage.com/159x107.png/cc0000/ffffff', 'ACTIVE');
insert into item (id, lost_date, found_date, name, description, size, color, material, category, photoURL, is_active) values (151, null, '2017-02-05', 'Onions - White', 'dignissim vestibulum vestibulum ante ipsum primis in faucibus orci luctus et ultrices posuere cubilia curae nulla dapibus dolor vel est donec odio justo sollicitudin ut suscipit a feugiat et eros vestibulum ac est lacinia nisi venenatis tristique fusce congue diam id ornare imperdiet sapien urna pretium nisl ut volutpat sapien arcu sed augue aliquam erat volutpat in', 'VERYSMALL', 'Puce', 'Fabaceae', 'Tools', null, 'ACTIVE');
insert into item (id, lost_date, found_date, name, description, size, color, material, category, photoURL, is_active) values (152, null, '2017-06-29', 'Olive - Spread Tapenade', 'mi sit amet lobortis sapien sapien non mi integer ac neque duis bibendum morbi non quam nec dui luctus rutrum nulla tellus in sagittis dui vel nisl duis ac nibh fusce lacus purus aliquet at feugiat non pretium quis lectus suspendisse potenti in eleifend quam a', 'SMALL', 'Puce', 'Campanulaceae', 'Automotive', 'http://dummyimage.com/156x198.png/dddddd/000000', 'ACTIVE');
insert into item (id, lost_date, found_date, name, description, size, color, material, category, photoURL, is_active) values (153, null, '2017-01-12', 'Bread - Corn Muffaleta Onion', 'sagittis nam congue risus semper porta volutpat quam pede lobortis ligula sit amet eleifend pede libero quis orci nullam molestie nibh in lectus pellentesque at nulla suspendisse potenti cras in purus eu magna vulputate luctus cum sociis natoque penatibus et magnis dis parturient montes nascetur ridiculus mus vivamus', 'SMALL', 'Mauv', 'Poaceae', 'Music', 'http://dummyimage.com/109x168.bmp/ff4444/ffffff', 'ACTIVE');
insert into item (id, lost_date, found_date, name, description, size, color, material, category, photoURL, is_active) values (154, null, '2017-04-24', 'Rice - Wild', null, 'MEDIUM', 'Maroon', 'Cyperaceae', 'Industrial', null, 'ACTIVE');
insert into item (id, lost_date, found_date, name, description, size, color, material, category, photoURL, is_active) values (155, null, '2017-04-24', 'Pickles - Gherkins', 'luctus nec molestie sed justo pellentesque viverra pede ac diam cras pellentesque volutpat dui maecenas tristique est et tempus semper est quam pharetra magna ac consequat metus sapien ut nunc vestibulum ante ipsum primis in faucibus orci luctus et ultrices posuere cubilia curae mauris', 'MEDIUM', 'Pink', 'Lobariaceae', 'Outdoors', null, 'ACTIVE');
insert into item (id, lost_date, found_date, name, description, size, color, material, category, photoURL, is_active) values (156, null, '2017-02-05', 'Calvados - Boulard', null, 'MEDIUM', 'Teal', 'Lentibulariaceae', 'Outdoors', 'http://dummyimage.com/212x141.jpg/ff4444/ffffff', 'ACTIVE');
insert into item (id, lost_date, found_date, name, description, size, color, material, category, photoURL, is_active) values (157, null, '2016-08-16', 'Pepper - Chipotle, Canned', null, 'MEDIUM', 'Fuscia', 'Ranunculaceae', 'Electronics', 'http://dummyimage.com/184x121.jpg/5fa2dd/ffffff', 'ACTIVE');
insert into item (id, lost_date, found_date, name, description, size, color, material, category, photoURL, is_active) values (158, null, '2017-08-10', 'Syrup - Monin, Swiss Choclate', 'nibh fusce lacus purus aliquet at feugiat non pretium quis lectus suspendisse potenti in eleifend quam a odio in hac habitasse platea dictumst maecenas ut', 'VERYSMALL', 'Teal', 'Liliaceae', 'Health', 'http://dummyimage.com/240x222.jpg/ff4444/ffffff', 'ACTIVE');
insert into item (id, lost_date, found_date, name, description, size, color, material, category, photoURL, is_active) values (159, null, '2016-10-04', 'Squash - Butternut', null, 'SMALL', 'Indigo', 'Fabaceae', 'Sports', 'http://dummyimage.com/242x111.jpg/ff4444/ffffff', 'ACTIVE');
insert into item (id, lost_date, found_date, name, description, size, color, material, category, photoURL, is_active) values (160, null, '2016-09-25', 'Lamb - Leg, Boneless', 'id mauris vulputate elementum nullam varius nulla facilisi cras non velit nec nisi vulputate nonummy maecenas tincidunt lacus at velit vivamus vel nulla eget eros elementum pellentesque quisque porta volutpat erat quisque', 'VERYBIG', 'Turquoise', 'Rosaceae', 'Outdoors', 'http://dummyimage.com/191x238.png/ff4444/ffffff', 'ACTIVE');
insert into item (id, lost_date, found_date, name, description, size, color, material, category, photoURL, is_active) values (161, null, '2016-12-26', 'Appetiser - Bought', null, 'MEDIUM', 'Khaki', 'Poaceae', 'Movies', null, 'ACTIVE');
insert into item (id, lost_date, found_date, name, description, size, color, material, category, photoURL, is_active) values (162, null, '2017-07-18', 'Spic And Span All Purpose', 'aliquet ultrices erat tortor sollicitudin mi sit amet lobortis sapien sapien non mi integer ac neque duis bibendum morbi non quam nec dui luctus rutrum nulla tellus in sagittis dui vel nisl duis', 'SMALL', 'Blue', 'Thelenellaceae', 'Games', 'http://dummyimage.com/122x232.png/dddddd/000000', 'ACTIVE');
insert into item (id, lost_date, found_date, name, description, size, color, material, category, photoURL, is_active) values (163, null, '2016-08-14', 'Eggroll', null, 'SMALL', 'Indigo', 'Liliaceae', 'Grocery', 'http://dummyimage.com/166x235.jpg/ff4444/ffffff', 'ACTIVE');
insert into item (id, lost_date, found_date, name, description, size, color, material, category, photoURL, is_active) values (164, null, '2017-07-02', 'Potatoes - Mini White 3 Oz', 'quis turpis sed ante vivamus tortor duis mattis egestas metus aenean fermentum donec ut mauris eget massa tempor convallis nulla neque libero convallis eget eleifend luctus ultricies eu nibh quisque id justo sit amet sapien dignissim vestibulum vestibulum ante ipsum primis in', 'VERYSMALL', 'Indigo', 'Fabaceae', 'Grocery', 'http://dummyimage.com/178x182.bmp/cc0000/ffffff', 'ACTIVE');
insert into item (id, lost_date, found_date, name, description, size, color, material, category, photoURL, is_active) values (165, null, '2016-10-06', 'Cookie Dough - Double', 'in magna bibendum imperdiet nullam orci pede venenatis non sodales sed tincidunt eu felis fusce posuere felis sed lacus morbi sem mauris laoreet ut rhoncus aliquet pulvinar sed nisl nunc rhoncus dui vel sem sed sagittis nam congue risus semper porta volutpat quam pede lobortis ligula sit amet', 'MEDIUM', 'Violet', 'Scrophulariaceae', 'Toys', 'http://dummyimage.com/164x147.jpg/cc0000/ffffff', 'ACTIVE');
insert into item (id, lost_date, found_date, name, description, size, color, material, category, photoURL, is_active) values (166, null, '2017-09-14', 'Cabbage - Nappa', 'nulla nisl nunc nisl duis bibendum felis sed interdum venenatis turpis enim blandit mi in porttitor pede justo eu massa donec dapibus duis at velit eu est congue elementum in hac habitasse platea dictumst morbi vestibulum velit id pretium iaculis diam erat fermentum justo nec condimentum neque sapien placerat ante nulla justo aliquam quis turpis eget elit', 'VERYSMALL', 'Fuscia', 'Orchidaceae', 'Music', 'http://dummyimage.com/243x211.jpg/ff4444/ffffff', 'ACTIVE');
insert into item (id, lost_date, found_date, name, description, size, color, material, category, photoURL, is_active) values (167, null, '2016-12-25', 'Veal - Insides Provini', null, 'MEDIUM', 'Maroon', 'Fissidentaceae', 'Movies', 'http://dummyimage.com/125x128.png/dddddd/000000', 'ACTIVE');
insert into item (id, lost_date, found_date, name, description, size, color, material, category, photoURL, is_active) values (168, null, '2016-08-29', 'Island Oasis - Banana Daiquiri', 'libero nam dui proin leo odio porttitor id consequat in consequat ut nulla sed accumsan felis ut at dolor quis odio consequat varius integer ac leo pellentesque ultrices mattis odio donec vitae nisi nam ultrices libero non mattis pulvinar nulla pede ullamcorper augue a suscipit nulla elit ac nulla sed vel enim', 'SMALL', 'Red', 'Arthoniaceae', 'Health', 'http://dummyimage.com/169x200.jpg/cc0000/ffffff', 'ACTIVE');
insert into item (id, lost_date, found_date, name, description, size, color, material, category, photoURL, is_active) values (169, null, '2017-06-11', 'Tray - Foam, Square 4 - S', null, 'VERYBIG', 'Yellow', 'Dryopteridaceae', 'Jewelery', null, 'ACTIVE');
insert into item (id, lost_date, found_date, name, description, size, color, material, category, photoURL, is_active) values (170, null, '2016-12-20', 'Rum - Dark, Bacardi, Black', null, 'VERYSMALL', 'Turquoise', 'Biatorellaceae', 'Home', 'http://dummyimage.com/174x177.png/5fa2dd/ffffff', 'ACTIVE');
insert into item (id, lost_date, found_date, name, description, size, color, material, category, photoURL, is_active) values (171, null, '2016-06-28', 'Shrimp - 150 - 250', 'iaculis diam erat fermentum justo nec condimentum neque sapien placerat ante nulla justo aliquam quis turpis eget elit sodales scelerisque mauris sit amet eros suspendisse accumsan tortor quis turpis sed ante vivamus tortor duis mattis egestas metus aenean fermentum donec ut mauris eget massa tempor', 'BIG', 'Green', 'Andreaeaceae', 'Beauty', 'http://dummyimage.com/140x203.png/dddddd/000000', 'ACTIVE');
insert into item (id, lost_date, found_date, name, description, size, color, material, category, photoURL, is_active) values (172, null, '2016-10-30', 'Cumin - Ground', null, 'MEDIUM', 'Pink', 'Asteraceae', 'Music', null, 'ACTIVE');
insert into item (id, lost_date, found_date, name, description, size, color, material, category, photoURL, is_active) values (173, null, '2017-08-21', 'Pear - Prickly', 'mi pede malesuada in imperdiet et commodo vulputate justo in blandit ultrices enim lorem ipsum dolor sit amet consectetuer adipiscing elit proin interdum mauris non ligula pellentesque ultrices phasellus id sapien in sapien iaculis congue vivamus metus', 'SMALL', 'Yellow', 'Combretaceae', 'Outdoors', 'http://dummyimage.com/108x188.png/dddddd/000000', 'ACTIVE');
insert into item (id, lost_date, found_date, name, description, size, color, material, category, photoURL, is_active) values (175, null, '2017-07-02', 'Garbage Bag - Clear', null, 'VERYBIG', 'Mauv', 'Polemoniaceae', 'Baby', null, 'ACTIVE');
insert into item (id, lost_date, found_date, name, description, size, color, material, category, photoURL, is_active) values (176, null, '2017-07-14', 'Salmon Atl.whole 8 - 10 Lb', 'pede posuere nonummy integer non velit donec diam neque vestibulum eget vulputate ut ultrices vel augue vestibulum ante ipsum primis in', 'BIG', 'Aquamarine', 'Gesneriaceae', 'Grocery', 'http://dummyimage.com/119x141.bmp/dddddd/000000', 'ACTIVE');
insert into item (id, lost_date, found_date, name, description, size, color, material, category, photoURL, is_active) values (177, null, '2016-12-27', 'Rum - Mount Gay Eclipes', 'diam erat fermentum justo nec condimentum neque sapien placerat ante nulla justo aliquam quis turpis eget elit sodales scelerisque mauris sit amet eros suspendisse accumsan tortor quis turpis sed ante vivamus tortor duis mattis egestas metus aenean fermentum donec ut mauris eget massa tempor convallis nulla neque libero convallis eget eleifend luctus ultricies eu nibh quisque id', 'MEDIUM', 'Maroon', 'Poaceae', 'Shoes', 'http://dummyimage.com/104x196.bmp/5fa2dd/ffffff', 'ACTIVE');
insert into item (id, lost_date, found_date, name, description, size, color, material, category, photoURL, is_active) values (178, null, '2016-10-25', 'Longos - Chicken Caeser Salad', null, 'SMALL', 'Turquoise', 'Cactaceae', 'Books', 'http://dummyimage.com/152x120.bmp/cc0000/ffffff', 'ACTIVE');
insert into item (id, lost_date, found_date, name, description, size, color, material, category, photoURL, is_active) values (179, null, '2017-01-07', 'Shichimi Togarashi Peppeers', 'nisi volutpat eleifend donec ut dolor morbi vel lectus in quam fringilla rhoncus mauris enim leo rhoncus sed vestibulum sit amet cursus id turpis integer aliquet massa id lobortis convallis tortor risus dapibus', 'BIG', 'Mauv', 'Scrophulariaceae', 'Garden', 'http://dummyimage.com/191x171.bmp/ff4444/ffffff', 'ACTIVE');
insert into item (id, lost_date, found_date, name, description, size, color, material, category, photoURL, is_active) values (180, null, '2017-07-03', 'Teriyaki Sauce', null, 'SMALL', 'Turquoise', 'Urticaceae', 'Clothing', 'http://dummyimage.com/173x249.png/dddddd/000000', 'ACTIVE');
insert into item (id, lost_date, found_date, name, description, size, color, material, category, photoURL, is_active) values (181, null, '2017-07-10', 'Cafe Royale', null, 'MEDIUM', 'Puce', 'Brassicaceae', 'Home', 'http://dummyimage.com/198x109.jpg/ff4444/ffffff', 'ACTIVE');
insert into item (id, lost_date, found_date, name, description, size, color, material, category, photoURL, is_active) values (182, null, '2017-07-05', 'Gatorade - Orange', 'id mauris vulputate elementum nullam varius nulla facilisi cras non velit nec nisi vulputate nonummy maecenas tincidunt lacus at velit vivamus vel nulla eget eros elementum pellentesque quisque porta volutpat erat', 'VERYSMALL', 'Mauv', 'Salicaceae', 'Baby', 'http://dummyimage.com/188x130.jpg/ff4444/ffffff', 'ACTIVE');
insert into item (id, lost_date, found_date, name, description, size, color, material, category, photoURL, is_active) values (183, null, '2016-08-26', 'Olives - Nicoise', 'cubilia curae duis faucibus accumsan odio curabitur convallis duis consequat dui nec nisi volutpat eleifend donec ut dolor morbi vel lectus in quam fringilla rhoncus mauris enim leo', 'SMALL', 'Turquoise', 'Asteraceae', 'Books', null, 'ACTIVE');
insert into item (id, lost_date, found_date, name, description, size, color, material, category, photoURL, is_active) values (184, null, '2016-08-28', 'Pernod', 'porttitor pede justo eu massa donec dapibus duis at velit eu est congue elementum in hac habitasse platea dictumst morbi vestibulum velit id pretium iaculis diam erat fermentum justo nec condimentum neque', 'VERYBIG', 'Crimson', 'Candelariaceae', 'Sports', null, 'ACTIVE');
insert into item (id, lost_date, found_date, name, description, size, color, material, category, photoURL, is_active) values (185, null, '2016-07-02', 'Banana', null, 'BIG', 'Puce', 'Asteraceae', 'Electronics', 'http://dummyimage.com/249x131.bmp/5fa2dd/ffffff', 'ACTIVE');
insert into item (id, lost_date, found_date, name, description, size, color, material, category, photoURL, is_active) values (186, null, '2017-08-27', 'Wine - Red, Harrow Estates, Cab', 'sollicitudin vitae consectetuer eget rutrum at lorem integer tincidunt ante vel ipsum praesent blandit lacinia erat vestibulum sed magna at nunc commodo placerat praesent blandit nam nulla integer pede justo lacinia eget tincidunt eget tempus vel pede morbi porttitor lorem id', 'SMALL', 'Crimson', 'Asteraceae', 'Garden', 'http://dummyimage.com/149x234.png/dddddd/000000', 'ACTIVE');
insert into item (id, lost_date, found_date, name, description, size, color, material, category, photoURL, is_active) values (187, null, '2016-09-21', 'Tart Shells - Sweet, 3', null, 'SMALL', 'Fuscia', 'Pottiaceae', 'Computers', null, 'ACTIVE');
insert into item (id, lost_date, found_date, name, description, size, color, material, category, photoURL, is_active) values (188, null, '2016-09-29', 'Pur Source', null, 'SMALL', 'Mauv', 'Rosaceae', 'Shoes', 'http://dummyimage.com/207x128.jpg/ff4444/ffffff', 'ACTIVE');
insert into item (id, lost_date, found_date, name, description, size, color, material, category, photoURL, is_active) values (190, null, '2017-06-10', 'Uniform Linen Charge', null, 'MEDIUM', 'Khaki', 'Boraginaceae', 'Sports', 'http://dummyimage.com/246x197.png/5fa2dd/ffffff', 'ACTIVE');
insert into item (id, lost_date, found_date, name, description, size, color, material, category, photoURL, is_active) values (191, null, '2017-08-09', 'Icecream - Dstk Cml And Fdg', 'eleifend pede libero quis orci nullam molestie nibh in lectus pellentesque at nulla suspendisse potenti cras in purus eu magna vulputate luctus cum sociis natoque penatibus et magnis dis parturient montes nascetur ridiculus mus vivamus vestibulum', 'MEDIUM', 'Mauv', 'Bignoniaceae', 'Computers', null, 'ACTIVE');
insert into item (id, lost_date, found_date, name, description, size, color, material, category, photoURL, is_active) values (192, null, '2017-06-26', 'Wine - Remy Pannier Rose', 'quis tortor id nulla ultrices aliquet maecenas leo odio condimentum id luctus nec molestie sed justo pellentesque viverra pede ac diam cras pellentesque volutpat dui maecenas tristique est et tempus semper est quam pharetra magna ac consequat metus sapien ut nunc vestibulum ante ipsum primis in faucibus orci luctus et ultrices posuere cubilia curae mauris viverra diam', 'VERYSMALL', 'Purple', 'Fabaceae', 'Jewelery', null, 'ACTIVE');
insert into item (id, lost_date, found_date, name, description, size, color, material, category, photoURL, is_active) values (193, null, '2016-07-23', 'Soup - Campbells, Butternut', null, 'MEDIUM', 'Green', 'Chenopodiaceae', 'Sports', 'http://dummyimage.com/103x245.bmp/ff4444/ffffff', 'ACTIVE');
insert into item (id, lost_date, found_date, name, description, size, color, material, category, photoURL, is_active) values (194, null, '2017-07-18', 'Veal - Nuckle', 'sed justo pellentesque viverra pede ac diam cras pellentesque volutpat dui maecenas tristique est et tempus semper est quam pharetra magna ac consequat metus sapien ut nunc vestibulum ante ipsum primis in faucibus orci luctus et ultrices posuere', 'SMALL', 'Green', 'Euphorbiaceae', 'Industrial', null, 'ACTIVE');
insert into item (id, lost_date, found_date, name, description, size, color, material, category, photoURL, is_active) values (195, null, '2017-09-03', 'Tea - Black Currant', null, 'SMALL', 'Indigo', 'Euphorbiaceae', 'Computers', null, 'ACTIVE');
insert into item (id, lost_date, found_date, name, description, size, color, material, category, photoURL, is_active) values (196, null, '2017-09-10', 'Aromat Spice / Seasoning', null, 'MEDIUM', 'Violet', 'Mycoblastaceae', 'Books', 'http://dummyimage.com/216x194.png/5fa2dd/ffffff', 'ACTIVE');
insert into item (id, lost_date, found_date, name, description, size, color, material, category, photoURL, is_active) values (197, null, '2016-06-11', 'Lemon Pepper', null, 'BIG', 'Orange', 'Trypetheliaceae', 'Health', 'http://dummyimage.com/236x144.jpg/dddddd/000000', 'ACTIVE');
insert into item (id, lost_date, found_date, name, description, size, color, material, category, photoURL, is_active) values (198, null, '2016-08-22', 'Graham Cracker Mix', null, 'VERYBIG', 'Maroon', 'Asteraceae', 'Kids', 'http://dummyimage.com/202x249.bmp/cc0000/ffffff', 'ACTIVE');
insert into item (id, lost_date, found_date, name, description, size, color, material, category, photoURL, is_active) values (199, null, '2016-12-19', 'Anchovy In Oil', 'vitae nisl aenean lectus pellentesque eget nunc donec quis orci eget orci vehicula condimentum curabitur in libero ut massa volutpat convallis morbi odio', 'MEDIUM', 'Maroon', 'Rosaceae', 'Garden', 'http://dummyimage.com/220x104.bmp/cc0000/ffffff', 'ACTIVE');
insert into item (id, lost_date, found_date, name, description, size, color, material, category, photoURL, is_active) values (200, null, '2017-06-02', 'Chicken - Wieners', 'ligula sit amet eleifend pede libero quis orci nullam molestie nibh in lectus pellentesque at nulla suspendisse potenti cras in purus eu magna vulputate luctus cum sociis natoque penatibus et magnis dis parturient montes nascetur ridiculus mus vivamus vestibulum', 'MEDIUM', 'Maroon', 'Fabaceae', 'Computers', 'http://dummyimage.com/184x146.jpg/5fa2dd/ffffff', 'INACTIVE');
insert into item (id, lost_date, found_date, name, description, size, color, material, category, photoURL, is_active) values (201, null, '2016-09-26', 'Soup - Knorr, Ministrone', null, 'MEDIUM', 'Aquamarine', 'Fabaceae', 'Baby', null, 'ACTIVE');
insert into item (id, lost_date, found_date, name, description, size, color, material, category, photoURL, is_active) values (202, null, '2017-05-20', 'Pasta - Shells, Medium, Dry', 'vel accumsan tellus nisi eu orci mauris lacinia sapien quis libero nullam sit amet turpis elementum ligula vehicula consequat morbi a ipsum integer a nibh in quis justo maecenas rhoncus aliquam lacus morbi quis tortor id nulla ultrices aliquet maecenas leo odio condimentum id luctus', 'MEDIUM', 'Purple', 'Acanthaceae', 'Music', 'http://dummyimage.com/149x178.bmp/ff4444/ffffff', 'ACTIVE');
insert into item (id, lost_date, found_date, name, description, size, color, material, category, photoURL, is_active) values (203, null, '2016-10-04', 'Marjoram - Fresh', 'non mattis pulvinar nulla pede ullamcorper augue a suscipit nulla elit ac nulla sed vel enim sit amet nunc viverra dapibus nulla suscipit ligula in lacus', 'SMALL', 'Crimson', 'Malvaceae', 'Sports', 'http://dummyimage.com/214x207.bmp/cc0000/ffffff', 'ACTIVE');
insert into item (id, lost_date, found_date, name, description, size, color, material, category, photoURL, is_active) values (204, null, '2017-04-26', 'Oil - Shortening,liqud, Fry', 'quam nec dui luctus rutrum nulla tellus in sagittis dui vel nisl duis ac nibh fusce lacus purus aliquet at feugiat non pretium quis lectus suspendisse potenti in eleifend quam a odio in hac habitasse platea dictumst maecenas ut', 'MEDIUM', 'Indigo', 'Brassicaceae', 'Toys', 'http://dummyimage.com/240x235.png/ff4444/ffffff', 'ACTIVE');
insert into item (lost_date, found_date, name, description, size, color, material, category, photoURL, is_active) values (null, '2017-08-22', 'handbag', 'pretty handbag left in the bus 144', 'SMALL', 'pink', 'leather', 'fashion', 'http://assets.myntassets.com/v1/image/style/properties/846302/Utsukushii-Tan-Brown-Handbag_1_a18b24350a565d9a492d84fbe4634445.jpg', 'ACTIVE');
insert into item (lost_date, found_date, name, description, size, color, material, category, photoURL, is_active) values ('2017-07-29', null, 'book', 'alice in wonderland 1st edition', 'SMALL', 'light blue', 'paper', 'books', 'https://images.pexels.com/photos/6105/flowers-shoes-white-modern.jpg?w=1260&h=750&auto=compress&cs=tinysrgb', 'ACTIVE');
insert into item (lost_date, found_date, name, description, size, color, material, category, photoURL, is_active) values (null, '2017-08-21', 'wedding ring', 'inscription forever', 'VERYSMALL', 'gold', 'metal', 'jewelry', null, 'ACTIVE');
insert into item (lost_date, found_date, name, description, size, color, material, category, photoURL, is_active) values (null, '2017-09-01', 'buff', 'original lady buff', 'SMALL', 'yellow', 'merino wool', 'clothing', null, 'ACTIVE');
insert into item (lost_date, found_date, name, description, size, color, material, category, photoURL, is_active) values ('2017-09-07', null, 'snorkelling mask', 'mask and tube', 'MEDIUM', 'transaprent, blue', 'plastic', 'sports gear', 'https://thumb1.shutterstock.com/display_pic_with_logo/2994593/563750860/stock-photo-variety-beach-accessories-on-white-background-vacation-and-travel-items-top-view-563750860.jpg', 'ACTIVE');
insert into item (lost_date, found_date, name, description, size, color, material, category, photoURL, is_active) values (null, '2017-09-07', 'hat', 'ugly fedora', 'MEDIUM', 'black', 'unknown', 'accessories', 'https://shutterstock.7eer.net/c/106918/43068/1305?u=http://www.shutterstock.com/pic.mhtml?id=683559565', 'ACTIVE');

insert into request (user_id, item_id, status, user_comment, rating) values (1, 122, 'ACCEPTED', null, 4);
insert into request (user_id, item_id, status, user_comment, rating) values (1, 134, 'INACTIVE', null, 3);
insert into request (user_id, item_id, status, user_comment, rating) values (2, 134, 'PENDING', null, 3);
insert into request (user_id, item_id, status, user_comment, rating) values (2, 155, 'PENDING', null, 4);
insert into request (user_id, item_id, status, user_comment, rating) values (2, 117, 'PENDING', null, 2);
insert into request (user_id, item_id, status, user_comment, rating) values (3, 125, 'PENDING', null, 3);
insert into request (user_id, item_id, status, user_comment, rating) values (9, 148, 'PENDING', 'Maecenas pulvinar lobortis est. Phasellus sit amet erat.', 3);
insert into request (user_id, item_id, status, user_comment, rating) values (95, 143, 'PENDING', '', 3);
insert into request (user_id, item_id, status, user_comment, rating) values (12, 202, 'ACCEPTED', 'Pellentesque eget nunc. Donec quis orci eget orci vehicula condimentum. Curabitur in libero ut massa volutpat convallis. Morbi odio odio, elementum eu, interdum eu, tincidunt in, leo.', 3);
insert into request (user_id, item_id, status, user_comment, rating) values (11, 144, 'PENDING', 'Nam dui. Proin leo odio, porttitor id, consequat in, consequat ut, nulla.', 4);
insert into request (user_id, item_id, status, user_comment, rating) values (38, 149, 'PENDING', '', 3);
insert into request (user_id, item_id, status, user_comment, rating) values (96, 171, 'ACCEPTED', 'Morbi a ipsum. Integer a nibh.', 3);
insert into request (user_id, item_id, status, user_comment, rating) values (23, 170, 'REJECTED', 'Maecenas ut massa quis augue luctus tincidunt. Nulla mollis molestie lorem. Quisque ut erat. Curabitur gravida nisi at nibh. In hac habitasse platea dictumst.', 3);
insert into request (user_id, item_id, status, user_comment, rating) values (44, 122, 'PENDING', 'Duis bibendum. Morbi non quam nec dui luctus rutrum.', 3);
insert into request (user_id, item_id, status, user_comment, rating) values (81, 120, 'PENDING', 'Nam ultrices, libero non mattis pulvinar, nulla pede ullamcorper augue, a suscipit nulla elit ac nulla.', 4);
insert into request (user_id, item_id, status, user_comment, rating) values (102, 111, 'REJECTED', 'Phasellus in felis.', 3);
insert into request (user_id, item_id, status, user_comment, rating) values (30, 198, 'PENDING', 'Donec ut dolor. Morbi vel lectus in quam fringilla rhoncus. Mauris enim leo, rhoncus sed, vestibulum sit amet, cursus id, turpis.', 3);
insert into request (user_id, item_id, status, user_comment, rating) values (21, 124, 'PENDING', 'Aliquam erat volutpat.', 3);
insert into request (user_id, item_id, status, user_comment, rating) values (58, 187, 'CANCELLED', 'Donec diam neque, vestibulum eget, vulputate ut, ultrices vel, augue. Vestibulum ante ipsum primis in faucibus orci luctus et ultrices posuere cubilia Curae; Donec pharetra, magna vestibulum aliquet ultrices, erat tortor sollicitudin mi, sit amet lobortis sapien sapien non mi. Integer ac neque. Duis bibendum.', 3);
insert into request (user_id, item_id, status, user_comment, rating) values (4, 127, 'PENDING', 'Maecenas rhoncus aliquam lacus. Morbi quis tortor id nulla ultrices aliquet.', 3);
insert into request (user_id, item_id, status, user_comment, rating) values (19, 186, 'ACCEPTED', '', 3);
insert into request (user_id, item_id, status, user_comment, rating) values (53, 128, 'REJECTED', 'Fusce lacus purus, aliquet at, feugiat non, pretium quis, lectus. Suspendisse potenti. In eleifend quam a odio.', 3);
insert into request (user_id, item_id, status, user_comment, rating) values (39, 118, 'PENDING', 'Cras in purus eu magna vulputate luctus. Cum sociis natoque penatibus et magnis dis parturient montes, nascetur ridiculus mus. Vivamus vestibulum sagittis sapien.', 3);
insert into request (user_id, item_id, status, user_comment, rating) values (37, 199, 'PENDING', 'Vestibulum ac est lacinia nisi venenatis tristique. Fusce congue, diam id ornare imperdiet, sapien urna pretium nisl, ut volutpat sapien arcu sed augue.', 3);
insert into request (user_id, item_id, status, user_comment, rating) values (41, 164, 'INACTIVE', 'Vestibulum ac est lacinia nisi venenatis tristique.', 3);
insert into request (user_id, item_id, status, user_comment, rating) values (30, 202, 'REJECTED', 'Aliquam erat volutpat.', 3);
insert into request (user_id, item_id, status, user_comment, rating) values (73, 119, 'ACCEPTED', 'Suspendisse accumsan tortor quis turpis. Sed ante. Vivamus tortor. Duis mattis egestas metus.', 3);
insert into request (user_id, item_id, status, user_comment, rating) values (63, 204, 'ACCEPTED', 'Fusce consequat. Nulla nisl. Nunc nisl.', 5);
insert into request (user_id, item_id, status, user_comment, rating) values (97, 112, 'CANCELLED', 'Nam congue, risus semper porta volutpat, quam pede lobortis ligula, sit amet eleifend pede libero quis orci. Nullam molestie nibh in lectus. Pellentesque at nulla. Suspendisse potenti. Cras in purus eu magna vulputate luctus.', 3);
insert into request (user_id, item_id, status, user_comment, rating) values (19, 111, 'CANCELLED', 'Mauris sit amet eros. Suspendisse accumsan tortor quis turpis. Sed ante. Vivamus tortor.', 3);
insert into request (user_id, item_id, status, user_comment, rating) values (59, 155, 'PENDING', 'Nulla ac enim. In tempor, turpis nec euismod scelerisque, quam turpis adipiscing lorem, vitae mattis nibh ligula nec sem. Duis aliquam convallis nunc.', 5);
insert into request (user_id, item_id, status, user_comment, rating) values (15, 139, 'PENDING', 'Nulla ac enim.', 5);
insert into request (user_id, item_id, status, user_comment, rating) values (56, 153, 'PENDING', 'Lorem ipsum dolor sit amet, consectetuer adipiscing elit.', 5);
insert into request (user_id, item_id, status, user_comment, rating) values (63, 163, 'PENDING', 'Phasellus in felis. Donec semper sapien a libero. Nam dui. Proin leo odio, porttitor id, consequat in, consequat ut, nulla.', 4);
insert into request (user_id, item_id, status, user_comment, rating) values (61, 169, 'REJECTED', 'Nulla mollis molestie lorem. Quisque ut erat. Curabitur gravida nisi at nibh. In hac habitasse platea dictumst. Aliquam augue quam, sollicitudin vitae, consectetuer eget, rutrum at, lorem.', 3);
insert into request (user_id, item_id, status, user_comment, rating) values (46, 144, 'INACTIVE', 'Morbi porttitor lorem id ligula. Suspendisse ornare consequat lectus. In est risus, auctor sed, tristique in, tempus sit amet, sem.', 3);
insert into request (user_id, item_id, status, user_comment, rating) values (32, 121, 'REJECTED', 'Cras non velit nec nisi vulputate nonummy. Maecenas tincidunt lacus at velit. Vivamus vel nulla eget eros elementum pellentesque. Quisque porta volutpat erat. Quisque erat eros, viverra eget, congue eget, semper rutrum, nulla.', 4);
insert into request (user_id, item_id, status, user_comment, rating) values (60, 169, 'PENDING', 'In hac habitasse platea dictumst.', 3);
insert into request (user_id, item_id, status, user_comment, rating) values (80, 175, 'PENDING', 'Nulla tellus. In sagittis dui vel nisl.', 3);
insert into request (user_id, item_id, status, user_comment, rating) values (73, 170, 'ACCEPTED', 'Nulla facilisi. Cras non velit nec nisi vulputate nonummy. Maecenas tincidunt lacus at velit.', 3);
insert into request (user_id, item_id, status, user_comment, rating) values (50, 145, 'PENDING', 'Nam ultrices, libero non mattis pulvinar, nulla pede ullamcorper augue, a suscipit nulla elit ac nulla. Sed vel enim sit amet nunc viverra dapibus. Nulla suscipit ligula in lacus. Curabitur at ipsum ac tellus semper interdum. Mauris ullamcorper purus sit amet nulla.', 4);
insert into request (user_id, item_id, status, user_comment, rating) values (64, 129, 'ACCEPTED', 'Aliquam non mauris. Morbi non lectus. Aliquam sit amet diam in magna bibendum imperdiet. Nullam orci pede, venenatis non, sodales sed, tincidunt eu, felis. Fusce posuere felis sed lacus.', 2);
insert into request (user_id, item_id, status, user_comment, rating) values (11, 158, 'REJECTED', '', 3);
insert into request (user_id, item_id, status, user_comment, rating) values (87, 197, 'PENDING', 'Morbi porttitor lorem id ligula. Suspendisse ornare consequat lectus. In est risus, auctor sed, tristique in, tempus sit amet, sem.', 3);
insert into request (user_id, item_id, status, user_comment, rating) values (56, 160, 'ACCEPTED', 'Phasellus sit amet erat. Nulla tempus.', 2);
insert into request (user_id, item_id, status, user_comment, rating) values (27, 125, 'PENDING', 'Ut at dolor quis odio consequat varius.', 3);
insert into request (user_id, item_id, status, user_comment, rating) values (51, 117, 'CANCELLED', 'Sed vel enim sit amet nunc viverra dapibus.', 3);
insert into request (user_id, item_id, status, user_comment, rating) values (72, 162, 'ACCEPTED', 'Integer aliquet, massa id lobortis convallis, tortor risus dapibus augue, vel accumsan tellus nisi eu orci.', 3);
insert into request (user_id, item_id, status, user_comment, rating) values (43, 193, 'INACTIVE', 'Pellentesque eget nunc. Donec quis orci eget orci vehicula condimentum. Curabitur in libero ut massa volutpat convallis. Morbi odio odio, elementum eu, interdum eu, tincidunt in, leo. Maecenas pulvinar lobortis est.', 3);
insert into request (user_id, item_id, status, user_comment, rating) values (35, 169, 'REJECTED', '', 3);
insert into request (user_id, item_id, status, user_comment, rating) values (38, 175, 'CANCELLED', 'Curabitur at ipsum ac tellus semper interdum.', 3);
insert into request (user_id, item_id, status, user_comment, rating) values (42, 180, 'ACCEPTED', 'Nam ultrices, libero non mattis pulvinar, nulla pede ullamcorper augue, a suscipit nulla elit ac nulla.', 4);
insert into request (user_id, item_id, status, user_comment, rating) values (65, 122, 'INACTIVE', 'Duis consequat dui nec nisi volutpat eleifend.', 3);
insert into request (user_id, item_id, status, user_comment, rating) values (27, 159, 'ACCEPTED', 'Suspendisse potenti.', 3);
insert into request (user_id, item_id, status, user_comment, rating) values (73, 132, 'ACCEPTED', 'Fusce consequat. Nulla nisl.', 3);
insert into request (user_id, item_id, status, user_comment, rating) values (35, 197, 'PENDING', '', 3);
insert into request (user_id, item_id, status, user_comment, rating) values (85, 117, 'ACCEPTED', 'Curabitur in libero ut massa volutpat convallis. Morbi odio odio, elementum eu, interdum eu, tincidunt in, leo. Maecenas pulvinar lobortis est.', 5);
insert into request (user_id, item_id, status, user_comment, rating) values (70, 183, 'ACCEPTED', 'Integer non velit. Donec diam neque, vestibulum eget, vulputate ut, ultrices vel, augue. Vestibulum ante ipsum primis in faucibus orci luctus et ultrices posuere cubilia Curae; Donec pharetra, magna vestibulum aliquet ultrices, erat tortor sollicitudin mi, sit amet lobortis sapien sapien non mi. Integer ac neque.', 4);
insert into request (user_id, item_id, status, user_comment, rating) values (79, 204, 'PENDING', 'Vestibulum ante ipsum primis in faucibus orci luctus et ultrices posuere cubilia Curae; Nulla dapibus dolor vel est. Donec odio justo, sollicitudin ut, suscipit a, feugiat et, eros.', 3);
insert into request (user_id, item_id, status, user_comment, rating) values (91, 132, 'INACTIVE', 'In eleifend quam a odio.', 3);
insert into request (user_id, item_id, status, user_comment, rating) values (63, 111, 'PENDING', '', 3);
insert into request (user_id, item_id, status, user_comment, rating) values (34, 112, 'PENDING', 'Praesent blandit.', 3);
insert into request (user_id, item_id, status, user_comment, rating) values (14, 179, 'ACCEPTED', 'In est risus, auctor sed, tristique in, tempus sit amet, sem. Fusce consequat. Nulla nisl. Nunc nisl. Duis bibendum, felis sed interdum venenatis, turpis enim blandit mi, in porttitor pede justo eu massa.', 2);
insert into request (user_id, item_id, status, user_comment, rating) values (60, 109, 'INACTIVE', 'Proin eu mi.', 3);
insert into request (user_id, item_id, status, user_comment, rating) values (104, 174, 'PENDING', 'Nulla ac enim.', 3);
insert into request (user_id, item_id, status, user_comment, rating) values (81, 153, 'PENDING', '', 3);
insert into request (user_id, item_id, status, user_comment, rating) values (12, 134, 'PENDING', 'Pellentesque viverra pede ac diam.', 3);
insert into request (user_id, item_id, status, user_comment, rating) values (63, 202, 'REJECTED', '', 3);
insert into request (user_id, item_id, status, user_comment, rating) values (72, 201, 'PENDING', 'Morbi non lectus.', 3);
insert into request (user_id, item_id, status, user_comment, rating) values (57, 152, 'PENDING', 'Curabitur at ipsum ac tellus semper interdum. Mauris ullamcorper purus sit amet nulla.', 4);
insert into request (user_id, item_id, status, user_comment, rating) values (13, 145, 'PENDING', '', 3);
insert into request (user_id, item_id, status, user_comment, rating) values (77, 119, 'PENDING', 'Vivamus tortor. Duis mattis egestas metus. Aenean fermentum. Donec ut mauris eget massa tempor convallis. Nulla neque libero, convallis eget, eleifend luctus, ultricies eu, nibh.', 3);
insert into request (user_id, item_id, status, user_comment, rating) values (82, 116, 'ACCEPTED', 'Curabitur at ipsum ac tellus semper interdum. Mauris ullamcorper purus sit amet nulla.', 4);
insert into request (user_id, item_id, status, user_comment, rating) values (2, 200, 'PENDING', 'Nam ultrices, libero non mattis pulvinar, nulla pede ullamcorper augue, a suscipit nulla elit ac nulla. Sed vel enim sit amet nunc viverra dapibus. Nulla suscipit ligula in lacus.', 3);
insert into request (user_id, item_id, status, user_comment, rating) values (3, 129, 'REJECTED', 'Suspendisse ornare consequat lectus.', 3);
insert into request (user_id, item_id, status, user_comment, rating) values (29, 118, 'INACTIVE', 'Nulla neque libero, convallis eget, eleifend luctus, ultricies eu, nibh. Quisque id justo sit amet sapien dignissim vestibulum.', 3);
insert into request (user_id, item_id, status, user_comment, rating) values (42, 123, 'REJECTED', 'Donec dapibus. Duis at velit eu est congue elementum. In hac habitasse platea dictumst. Morbi vestibulum, velit id pretium iaculis, diam erat fermentum justo, nec condimentum neque sapien placerat ante. Nulla justo.', 3);
insert into request (user_id, item_id, status, user_comment, rating) values (70, 201, 'PENDING', 'Morbi non lectus. Aliquam sit amet diam in magna bibendum imperdiet. Nullam orci pede, venenatis non, sodales sed, tincidunt eu, felis. Fusce posuere felis sed lacus.', 3);
insert into request (user_id, item_id, status, user_comment, rating) values (7, 143, 'INACTIVE', 'Nullam varius. Nulla facilisi. Cras non velit nec nisi vulputate nonummy.', 3);
insert into request (user_id, item_id, status, user_comment, rating) values (6, 193, 'PENDING', 'Aliquam erat volutpat. In congue.', 3);
insert into request (user_id, item_id, status, user_comment, rating) values (36, 130, 'PENDING', 'Nullam sit amet turpis elementum ligula vehicula consequat. Morbi a ipsum. Integer a nibh. In quis justo.', 3);
insert into request (user_id, item_id, status, user_comment, rating) values (7, 167, 'PENDING', 'In blandit ultrices enim. Lorem ipsum dolor sit amet, consectetuer adipiscing elit. Proin interdum mauris non ligula pellentesque ultrices. Phasellus id sapien in sapien iaculis congue. Vivamus metus arcu, adipiscing molestie, hendrerit at, vulputate vitae, nisl.', 3);
insert into request (user_id, item_id, status, user_comment, rating) values (45, 180, 'PENDING', 'Maecenas tincidunt lacus at velit. Vivamus vel nulla eget eros elementum pellentesque. Quisque porta volutpat erat. Quisque erat eros, viverra eget, congue eget, semper rutrum, nulla.', 4);
insert into request (user_id, item_id, status, user_comment, rating) values (78, 151, 'PENDING', '', 3);
insert into request (user_id, item_id, status, user_comment, rating) values (2, 120, 'REJECTED', 'Sed sagittis. Nam congue, risus semper porta volutpat, quam pede lobortis ligula, sit amet eleifend pede libero quis orci. Nullam molestie nibh in lectus.', 2);
insert into request (user_id, item_id, status, user_comment, rating) values (68, 204, 'PENDING', 'Morbi vel lectus in quam fringilla rhoncus. Mauris enim leo, rhoncus sed, vestibulum sit amet, cursus id, turpis. Integer aliquet, massa id lobortis convallis, tortor risus dapibus augue, vel accumsan tellus nisi eu orci.', 3);
insert into request (user_id, item_id, status, user_comment, rating) values (28, 147, 'PENDING', '', 3);
insert into request (user_id, item_id, status, user_comment, rating) values (98, 144, 'PENDING', 'Maecenas leo odio, condimentum id, luctus nec, molestie sed, justo. Pellentesque viverra pede ac diam. Cras pellentesque volutpat dui. Maecenas tristique, est et tempus semper, est quam pharetra magna, ac consequat metus sapien ut nunc.', 3);
insert into request (user_id, item_id, status, user_comment, rating) values (8, 139, 'ACCEPTED', 'Vivamus metus arcu, adipiscing molestie, hendrerit at, vulputate vitae, nisl. Aenean lectus. Pellentesque eget nunc.', 5);
insert into request (user_id, item_id, status, user_comment, rating) values (92, 138, 'ACCEPTED', 'Cum sociis natoque penatibus et magnis dis parturient montes, nascetur ridiculus mus. Vivamus vestibulum sagittis sapien.', 2);
insert into request (user_id, item_id, status, user_comment, rating) values (89, 130, 'PENDING', 'Proin leo odio, porttitor id, consequat in, consequat ut, nulla. Sed accumsan felis. Ut at dolor quis odio consequat varius.', 2);
insert into request (user_id, item_id, status, user_comment, rating) values (21, 178, 'REJECTED', 'Vivamus tortor. Duis mattis egestas metus. Aenean fermentum. Donec ut mauris eget massa tempor convallis. Nulla neque libero, convallis eget, eleifend luctus, ultricies eu, nibh.', 3);
insert into request (user_id, item_id, status, user_comment, rating) values (21, 185, 'PENDING', 'Suspendisse potenti.', 3);
insert into request (user_id, item_id, status, user_comment, rating) values (9, 121, 'ACCEPTED', 'Nulla ut erat id mauris vulputate elementum. Nullam varius. Nulla facilisi. Cras non velit nec nisi vulputate nonummy. Maecenas tincidunt lacus at velit.', 4);
insert into request (user_id, item_id, status, user_comment, rating) values (40, 135, 'ACCEPTED', 'Vivamus vestibulum sagittis sapien.', 4);
insert into request (user_id, item_id, status, user_comment, rating) values (73, 200, 'REJECTED', 'Mauris sit amet eros. Suspendisse accumsan tortor quis turpis.', 2);
insert into request (user_id, item_id, status, user_comment, rating) values (104, 116, 'PENDING', '', 3);
insert into request (user_id, item_id, status, user_comment, rating) values (93, 193, 'INACTIVE', 'Quisque porta volutpat erat. Quisque erat eros, viverra eget, congue eget, semper rutrum, nulla. Nunc purus. Phasellus in felis. Donec semper sapien a libero.', 3);
insert into request (user_id, item_id, status, user_comment, rating) values (86, 190, 'ACCEPTED', 'Donec vitae nisi.', 3);
insert into request (user_id, item_id, status, user_comment, rating) values (93, 198, 'PENDING', 'Pellentesque viverra pede ac diam. Cras pellentesque volutpat dui. Maecenas tristique, est et tempus semper, est quam pharetra magna, ac consequat metus sapien ut nunc. Vestibulum ante ipsum primis in faucibus orci luctus et ultrices posuere cubilia Curae; Mauris viverra diam vitae quam. Suspendisse potenti.', 3);
insert into request (user_id, item_id, status, user_comment, rating) values (90, 114, 'ACCEPTED', 'Nulla nisl. Nunc nisl. Duis bibendum, felis sed interdum venenatis, turpis enim blandit mi, in porttitor pede justo eu massa. Donec dapibus. Duis at velit eu est congue elementum.', 2);
insert into request (user_id, item_id, status, user_comment, rating) values (100, 107, 'INACTIVE', 'Morbi porttitor lorem id ligula. Suspendisse ornare consequat lectus.', 2);
insert into request (user_id, item_id, status, user_comment, rating) values (26, 181, 'ACCEPTED', '', 4);
insert into request (user_id, item_id, status, user_comment, rating) values (57, 137, 'INACTIVE', 'Pellentesque viverra pede ac diam. Cras pellentesque volutpat dui.', 3);
insert into request (user_id, item_id, status, user_comment, rating) values (69, 194, 'CANCELLED', 'Integer tincidunt ante vel ipsum. Praesent blandit lacinia erat. Vestibulum sed magna at nunc commodo placerat.', 3);
insert into request (user_id, item_id, status, user_comment, rating) values (17, 133, 'INACTIVE', 'Aliquam non mauris. Morbi non lectus. Aliquam sit amet diam in magna bibendum imperdiet. Nullam orci pede, venenatis non, sodales sed, tincidunt eu, felis. Fusce posuere felis sed lacus.', 2);
